Frame,integer_motion2,integer_motion,integer_adm2,integer_adm_scale0,integer_adm_scale1,integer_adm_scale2,integer_adm_scale3,integer_vif_scale0,integer_vif_scale1,integer_vif_scale2,integer_vif_scale3,vmaf,
0,0.000000,0.000000,0.976905,0.991531,0.986744,0.981888,0.965945,0.855396,0.968292,0.977886,0.981879,89.810812,
1,0.000000,0.000000,0.976905,0.991531,0.986744,0.981888,0.965945,0.855396,0.968292,0.977886,0.981879,89.810812,
2,0.000000,0.000000,0.976905,0.991531,0.986744,0.981888,0.965945,0.855396,0.968292,0.977886,0.981879,89.810812,
3,0.000000,0.000000,0.976905,0.991531,0.986744,0.981888,0.965945,0.855396,0.968292,0.977886,0.981879,89.810812,
4,0.000000,0.000000,0.976905,0.991531,0.986744,0.981888,0.965945,0.855396,0.968292,0.977886,0.981879,89.810812,
5,0.000000,0.000000,0.976905,0.991531,0.986744,0.981888,0.965945,0.855396,0.968292,0.977886,0.981879,89.810812,
6,0.000000,0.000000,0.976905,0.991531,0.986744,0.981888,0.965945,0.855396,0.968292,0.977886,0.981879,89.810812,
7,0.000000,0.000000,0.976905,0.991531,0.986744,0.981888,0.965945,0.855396,0.968292,0.977886,0.981879,89.810812,
8,0.000000,0.000000,0.976905,0.991531,0.986744,0.981888,0.965945,0.855396,0.968292,0.977886,0.981879,89.810812,
9,0.000000,0.000000,0.976905,0.991531,0.986744,0.981888,0.965945,0.855396,0.968292,0.977886,0.981879,89.810812,
10,0.000000,0.000000,0.976905,0.991531,0.986744,0.981888,0.965945,0.855396,0.968292,0.977886,0.981879,89.810812,
11,0.000000,0.000000,0.976905,0.991531,0.986744,0.981888,0.965945,0.855396,0.968292,0.977886,0.981879,89.810812,
12,0.000000,0.000000,0.976905,0.991531,0.986744,0.981888,0.965945,0.855396,0.968292,0.977886,0.981879,89.810812,
13,0.000000,0.000000,0.976905,0.991531,0.986744,0.981888,0.965945,0.855396,0.968292,0.977886,0.981879,89.810812,
14,0.000000,0.000000,0.976905,0.991531,0.986744,0.981888,0.965945,0.855396,0.968292,0.977886,0.981879,89.810812,
15,0.000000,0.000000,0.976905,0.991531,0.986744,0.981888,0.965945,0.855396,0.968292,0.977886,0.981879,89.810812,
16,0.000000,0.000000,0.976905,0.991531,0.986744,0.981888,0.965945,0.855396,0.968292,0.977886,0.981879,89.810812,
17,0.000000,0.000000,0.976905,0.991531,0.986744,0.981888,0.965945,0.855396,0.968292,0.977886,0.981879,89.810812,
18,0.000000,0.000000,0.976905,0.991531,0.986744,0.981888,0.965945,0.855396,0.968292,0.977886,0.981879,89.810812,
19,0.000000,0.000000,0.976905,0.991531,0.986744,0.981888,0.965945,0.855396,0.968292,0.977886,0.981879,89.810812,
20,0.000000,0.000000,0.976905,0.991531,0.986744,0.981888,0.965945,0.855396,0.968292,0.977886,0.981879,89.810812,
21,0.000000,0.000000,0.976905,0.991531,0.986744,0.981888,0.965945,0.855396,0.968292,0.977886,0.981879,89.810812,
22,0.000000,0.000000,0.976905,0.991531,0.986744,0.981888,0.965945,0.855396,0.968292,0.977886,0.981879,89.810812,
23,0.000000,0.000000,0.976905,0.991531,0.986744,0.981888,0.965945,0.855396,0.968292,0.977886,0.981879,89.810812,
24,0.000000,0.000000,0.976905,0.991531,0.986744,0.981888,0.965945,0.855396,0.968292,0.977886,0.981879,89.810812,
25,0.000000,0.000000,0.976905,0.991531,0.986744,0.981888,0.965945,0.855396,0.968292,0.977886,0.981879,89.810812,
26,0.000000,0.000000,0.976905,0.991531,0.986744,0.981888,0.965945,0.855396,0.968292,0.977886,0.981879,89.810812,
27,0.000000,0.000000,0.976905,0.991531,0.986744,0.981888,0.965945,0.855396,0.968292,0.977886,0.981879,89.810812,
28,0.000000,0.000000,0.976905,0.991531,0.986744,0.981888,0.965945,0.855396,0.968292,0.977886,0.981879,89.810812,
29,0.000000,0.000000,0.976905,0.991531,0.986744,0.981888,0.965945,0.855396,0.968292,0.977886,0.981879,89.810812,
30,0.000000,0.000000,0.976905,0.991531,0.986744,0.981888,0.965945,0.855396,0.968292,0.977886,0.981879,89.810812,
31,0.000000,0.000000,0.976905,0.991531,0.986744,0.981888,0.965945,0.855396,0.968292,0.977886,0.981879,89.810812,
32,0.000000,0.000000,0.976905,0.991531,0.986744,0.981888,0.965945,0.855396,0.968292,0.977886,0.981879,89.810812,
33,0.000000,0.000000,0.976905,0.991531,0.986744,0.981888,0.965945,0.855396,0.968292,0.977886,0.981879,89.810812,
34,0.000000,0.000000,0.976905,0.991531,0.986744,0.981888,0.965945,0.855396,0.968292,0.977886,0.981879,89.810812,
35,0.000000,0.000000,0.976905,0.991531,0.986744,0.981888,0.965945,0.855396,0.968292,0.977886,0.981879,89.810812,
36,0.000000,0.000000,0.976905,0.991531,0.986744,0.981888,0.965945,0.855396,0.968292,0.977886,0.981879,89.810812,
37,0.000000,0.000000,0.976905,0.991531,0.986744,0.981888,0.965945,0.855396,0.968292,0.977886,0.981879,89.810812,
38,0.000000,0.000000,0.976905,0.991531,0.986744,0.981888,0.965945,0.855396,0.968292,0.977886,0.981879,89.810812,
39,0.000000,0.000000,0.976905,0.991531,0.986744,0.981888,0.965945,0.855396,0.968292,0.977886,0.981879,89.810812,
40,0.000000,0.000000,0.976905,0.991531,0.986744,0.981888,0.965945,0.855396,0.968292,0.977886,0.981879,89.810812,
41,0.000000,0.000000,0.976905,0.991531,0.986744,0.981888,0.965945,0.855396,0.968292,0.977886,0.981879,89.810812,
42,0.000000,0.000000,0.976905,0.991531,0.986744,0.981888,0.965945,0.855396,0.968292,0.977886,0.981879,89.810812,
43,0.000000,0.000000,0.976905,0.991531,0.986744,0.981888,0.965945,0.855396,0.968292,0.977886,0.981879,89.810812,
44,0.000000,0.000000,0.976905,0.991531,0.986744,0.981888,0.965945,0.855396,0.968292,0.977886,0.981879,89.810812,
45,0.000000,0.000000,0.976905,0.991531,0.986744,0.981888,0.965945,0.855396,0.968292,0.977886,0.981879,89.810812,
46,0.000000,0.000000,0.976905,0.991531,0.986744,0.981888,0.965945,0.855396,0.968292,0.977886,0.981879,89.810812,
47,0.000000,0.000000,0.976905,0.991531,0.986744,0.981888,0.965945,0.855396,0.968292,0.977886,0.981879,89.810812,
48,0.000000,0.000000,0.976905,0.991531,0.986744,0.981888,0.965945,0.855396,0.968292,0.977886,0.981879,89.810812,
49,0.000000,0.000000,0.976905,0.991531,0.986744,0.981888,0.965945,0.855396,0.968292,0.977886,0.981879,89.810812,
50,0.000000,0.000000,0.976905,0.991531,0.986744,0.981888,0.965945,0.855396,0.968292,0.977886,0.981879,89.810812,
51,0.000000,0.000000,0.976905,0.991531,0.986744,0.981888,0.965945,0.855396,0.968292,0.977886,0.981879,89.810812,
52,0.000000,0.000000,0.976905,0.991531,0.986744,0.981888,0.965945,0.855396,0.968292,0.977886,0.981879,89.810812,
53,0.000000,0.000000,0.976905,0.991531,0.986744,0.981888,0.965945,0.855396,0.968292,0.977886,0.981879,89.810812,
54,0.000000,0.000000,0.976905,0.991531,0.986744,0.981888,0.965945,0.855396,0.968292,0.977886,0.981879,89.810812,
55,0.000000,0.000000,0.976905,0.991531,0.986744,0.981888,0.965945,0.855396,0.968292,0.977886,0.981879,89.810812,
56,0.000000,0.000000,0.976905,0.991531,0.986744,0.981888,0.965945,0.855396,0.968292,0.977886,0.981879,89.810812,
57,0.000000,0.000000,0.977017,0.991749,0.987308,0.981603,0.966132,0.855852,0.968529,0.978038,0.981924,89.846064,
58,0.000000,0.000000,0.977037,0.991797,0.987377,0.981591,0.966146,0.855935,0.968539,0.978035,0.981918,89.849772,
59,0.000000,0.000000,0.977046,0.991810,0.987431,0.981573,0.966156,0.855973,0.968550,0.978038,0.981913,89.851510,
60,0.000101,0.000554,0.977043,0.991785,0.987357,0.981754,0.966056,0.856409,0.968669,0.978115,0.981947,89.857565,
61,0.000090,0.000101,0.977596,0.992299,0.988261,0.982654,0.966218,0.857492,0.969346,0.978622,0.982437,90.040823,
62,0.000090,0.000090,0.977652,0.992323,0.988264,0.982666,0.966335,0.857749,0.969488,0.978733,0.982485,90.062060,
63,0.000371,0.000371,0.977678,0.992366,0.988288,0.982647,0.966390,0.857487,0.969407,0.978682,0.982458,90.063380,
64,0.000094,0.000569,0.977652,0.992210,0.988143,0.982692,0.966392,0.857476,0.969307,0.978607,0.982451,90.053178,
65,0.000094,0.000094,0.977895,0.992272,0.988261,0.982918,0.966739,0.858269,0.969583,0.978793,0.982569,90.124211,
66,0.000096,0.000096,0.977901,0.992253,0.988266,0.982947,0.966734,0.858779,0.969654,0.978811,0.982578,90.127169,
67,0.000294,0.000294,0.978109,0.992394,0.988370,0.983081,0.967055,0.860392,0.970035,0.979050,0.982789,90.201026,
68,0.000902,0.004312,0.979314,0.992102,0.988708,0.984158,0.969044,0.865637,0.972139,0.980603,0.984036,90.637516,
69,0.000902,0.000902,0.979626,0.992334,0.988985,0.984130,0.969635,0.866886,0.972630,0.980984,0.984277,90.742871,
70,0.001032,0.001032,0.979654,0.992418,0.988960,0.984179,0.969658,0.867253,0.972702,0.981015,0.984274,90.750586,
71,0.003809,0.003809,0.979632,0.992291,0.989051,0.984124,0.969635,0.867371,0.972669,0.981014,0.984303,90.751517,
72,0.001707,0.008135,0.979440,0.992293,0.988613,0.984203,0.969305,0.867224,0.972515,0.980756,0.984065,90.676258,
73,0.001350,0.001707,0.979658,0.992424,0.988719,0.984398,0.969606,0.868181,0.972829,0.980994,0.984294,90.752819,
74,0.001350,0.001350,0.979803,0.992687,0.989122,0.984243,0.969835,0.875101,0.974845,0.982223,0.985231,90.920507,
75,0.006549,0.011735,0.979841,0.992578,0.989419,0.984152,0.969889,0.875306,0.975047,0.982393,0.985543,90.968774,
76,0.001048,0.006549,0.979814,0.992663,0.989167,0.984387,0.969739,0.875152,0.974970,0.982373,0.985359,90.939622,
77,0.000840,0.001048,0.979860,0.992776,0.989123,0.984311,0.969899,0.875672,0.975118,0.982481,0.985454,90.962364,
78,0.000840,0.000840,0.979853,0.992757,0.989023,0.984357,0.969895,0.875981,0.975164,0.982500,0.985487,90.964435,
79,0.005203,0.005367,0.979760,0.992818,0.988955,0.984067,0.969900,0.876405,0.975230,0.982547,0.985493,90.952894,
80,0.000927,0.005203,0.980303,0.993348,0.989880,0.984967,0.970024,0.881911,0.977801,0.984491,0.986920,91.274556,
81,0.000531,0.000927,0.980314,0.993406,0.989866,0.984971,0.970041,0.881984,0.977684,0.984428,0.986827,91.265813,
82,0.000531,0.000531,0.980334,0.993452,0.989828,0.985022,0.970058,0.882171,0.977728,0.984465,0.986893,91.277209,
83,0.002982,0.005115,0.980289,0.993691,0.989766,0.984938,0.969986,0.882243,0.977701,0.984415,0.986872,91.266790,
84,0.000353,0.002982,0.980380,0.993744,0.989861,0.985137,0.970004,0.882392,0.977816,0.984496,0.986936,91.292014,
85,0.000172,0.000353,0.980414,0.994029,0.989887,0.984851,0.970219,0.883818,0.978199,0.984717,0.987034,91.318415,
86,0.000172,0.000172,0.980218,0.994305,0.989974,0.984229,0.970108,0.889044,0.979551,0.985410,0.987418,91.342700,
87,0.001773,0.002592,0.980211,0.994357,0.989933,0.984194,0.970123,0.889057,0.979581,0.985439,0.987482,91.349898,
88,0.000265,0.001773,0.980244,0.994403,0.990025,0.984262,0.970103,0.889134,0.979621,0.985462,0.987481,91.356173,
89,0.000064,0.000265,0.980252,0.994415,0.990012,0.984201,0.970170,0.889456,0.979674,0.985476,0.987525,91.362062,
90,0.000064,0.000064,0.980263,0.994524,0.989995,0.984210,0.970171,0.889616,0.979697,0.985495,0.987515,91.364443,
91,0.001440,0.001653,0.980208,0.994491,0.989962,0.984118,0.970131,0.889717,0.979707,0.985501,0.987527,91.355770,
92,0.000318,0.001440,0.980213,0.994532,0.989974,0.984163,0.970093,0.889818,0.979740,0.985501,0.987515,91.354348,
93,0.000076,0.000318,0.980031,0.994972,0.989653,0.983752,0.970001,0.896539,0.981550,0.986502,0.988228,91.423819,
94,0.000076,0.000076,0.980026,0.994979,0.989617,0.983731,0.970018,0.896712,0.981588,0.986503,0.988238,91.423824,
95,0.001120,0.001120,0.980001,0.994994,0.989622,0.983677,0.969993,0.896704,0.981587,0.986510,0.988235,91.419827,
96,0.000271,0.002116,0.979938,0.995027,0.989317,0.983632,0.969997,0.896437,0.981504,0.986356,0.988194,91.394536,
97,0.000047,0.000271,0.979911,0.995026,0.989225,0.983603,0.969992,0.896698,0.981578,0.986395,0.988176,91.388949,
98,0.000047,0.000047,0.979921,0.995114,0.989212,0.983601,0.970004,0.896744,0.981602,0.986417,0.988184,91.392880,
99,0.001551,0.002384,0.979883,0.995107,0.989129,0.983510,0.970017,0.896674,0.981686,0.986626,0.988229,91.399909,
100,0.000199,0.001551,0.979956,0.995095,0.989131,0.983623,0.970107,0.896683,0.981738,0.986632,0.988305,91.420265,
101,0.000065,0.000199,0.979889,0.995166,0.989051,0.983550,0.970021,0.896728,0.981679,0.986596,0.988294,91.402932,
102,0.000065,0.000065,0.979885,0.995152,0.989025,0.983538,0.970035,0.896766,0.981688,0.986593,0.988275,91.400551,
103,0.001609,0.001991,0.979891,0.995098,0.988884,0.983656,0.970033,0.896681,0.981634,0.986680,0.988276,91.407467,
104,0.000417,0.001609,0.979926,0.995076,0.988936,0.983689,0.970075,0.896674,0.981606,0.986660,0.988289,91.413499,
105,0.000045,0.000417,0.980023,0.995126,0.988968,0.983778,0.970216,0.897408,0.981815,0.986818,0.988433,91.453458,
106,0.000045,0.000045,0.980655,0.995218,0.989151,0.984349,0.971200,0.901849,0.982922,0.987549,0.988958,91.669833,
107,0.001200,0.001200,0.980703,0.995252,0.989166,0.984372,0.971281,0.902175,0.982982,0.987605,0.989005,91.688250,
108,0.000602,0.001894,0.980710,0.995194,0.989156,0.984396,0.971299,0.902480,0.983023,0.987585,0.988966,91.685387,
109,0.000131,0.000602,0.980915,0.995284,0.989184,0.984487,0.971685,0.903330,0.983209,0.987748,0.989102,91.747980,
110,0.000131,0.000131,0.980921,0.995285,0.989203,0.984499,0.971683,0.903990,0.983303,0.987792,0.989113,91.752654,
111,0.001734,0.001734,0.980979,0.995317,0.989253,0.984533,0.971769,0.905074,0.983501,0.987914,0.989217,91.782151,
112,0.001565,0.003097,0.981197,0.995322,0.989231,0.984903,0.972022,0.908496,0.984085,0.988255,0.989561,91.874525,
113,0.000779,0.001565,0.981240,0.995222,0.989429,0.984932,0.972042,0.908790,0.984129,0.988162,0.989528,91.876334,
114,0.000779,0.000779,0.981208,0.995312,0.989290,0.984890,0.972034,0.908526,0.984073,0.988237,0.989559,91.874887,
115,0.000001,0.001033,0.981174,0.995312,0.989211,0.984878,0.971996,0.908545,0.984068,0.988232,0.989543,91.864893,
116,0.000001,0.000001,0.981174,0.995312,0.989211,0.984878,0.971996,0.908548,0.984074,0.988234,0.989548,91.865459,
117,0.000000,0.000001,0.981209,0.995320,0.989219,0.984882,0.972072,0.908601,0.984089,0.988247,0.989552,91.874135,
118,0.000000,0.000000,0.981206,0.995317,0.989221,0.984873,0.972071,0.908612,0.984089,0.988248,0.989554,91.873657,
119,0.000000,0.000000,0.235465,0.560312,0.256442,0.201504,0.179835,0.322097,0.310608,0.287628,0.260484,0.000000,
120,0.000000,0.000000,0.235457,0.560316,0.256409,0.201504,0.179829,0.322095,0.310608,0.287629,0.260484,0.000000,
121,0.000023,0.000023,0.235454,0.560326,0.256406,0.201504,0.179823,0.322094,0.310608,0.287632,0.260484,0.000000,
122,0.002466,73.234612,0.970001,0.973945,0.968975,0.962066,0.974046,0.630195,0.843378,0.895151,0.925089,80.505651,
123,0.000568,0.002466,0.969886,0.974023,0.969051,0.962035,0.973777,0.630238,0.843394,0.895218,0.925082,80.480808,
124,0.000486,0.000568,0.970819,0.974167,0.969692,0.963542,0.974648,0.635379,0.848637,0.899188,0.927789,81.027144,
125,0.000486,0.000486,0.975312,0.975600,0.973376,0.971359,0.978162,0.654381,0.871564,0.915777,0.938994,83.466608,
126,0.002283,0.002283,0.975289,0.975532,0.973328,0.971461,0.978086,0.654483,0.871773,0.915880,0.939102,83.476413,
127,0.000740,0.004227,0.975304,0.975511,0.973316,0.971539,0.978081,0.654306,0.871685,0.915813,0.939036,83.470018,
128,0.000625,0.000740,0.975717,0.975578,0.973726,0.972359,0.978337,0.657304,0.874409,0.917729,0.940351,83.733194,
129,0.000625,0.000625,0.976114,0.975684,0.974104,0.973027,0.978647,0.659853,0.876847,0.919345,0.941344,83.957254,
130,0.004167,0.004167,0.976735,0.975812,0.974685,0.974259,0.979035,0.663040,0.880722,0.922083,0.943262,84.351213,
131,0.001499,0.008004,0.977684,0.976463,0.975978,0.976137,0.979401,0.669594,0.889602,0.928628,0.947677,85.158727,
132,0.001068,0.001499,0.977790,0.976488,0.976113,0.976213,0.979530,0.670763,0.890358,0.929086,0.948011,85.224684,
133,0.001068,0.001068,0.977879,0.976497,0.976198,0.976334,0.979618,0.671533,0.891033,0.929509,0.948264,85.280354,
134,0.007539,0.007539,0.977911,0.976480,0.976298,0.976368,0.979636,0.671753,0.891345,0.929727,0.948505,85.323178,
135,0.002091,0.012157,0.977944,0.976492,0.976284,0.976513,0.979626,0.671658,0.891552,0.929917,0.948611,85.339756,
136,0.001458,0.002091,0.978218,0.976578,0.976724,0.976965,0.979780,0.674911,0.893932,0.931538,0.949649,85.543185,
137,0.001458,0.001458,0.979297,0.976831,0.978339,0.979491,0.980021,0.688912,0.908068,0.941818,0.957434,86.810655,
138,0.011448,0.011448,0.979348,0.976756,0.978425,0.979567,0.980071,0.690091,0.908837,0.942353,0.957631,86.872097,
139,0.001935,0.011906,0.979251,0.976792,0.978523,0.979739,0.979727,0.689507,0.909019,0.942639,0.957782,86.864103,
140,0.001340,0.001935,0.979231,0.976735,0.978543,0.979775,0.979670,0.690060,0.909341,0.942859,0.957940,86.880512,
141,0.001340,0.001340,0.979291,0.976820,0.978583,0.979815,0.979743,0.690155,0.909460,0.942933,0.957965,86.898555,
142,0.010195,0.010195,0.979234,0.976798,0.978580,0.979777,0.979648,0.689967,0.909447,0.942926,0.958058,86.904827,
143,0.001946,0.011947,0.979333,0.976824,0.978507,0.979770,0.979883,0.689785,0.909433,0.942915,0.958081,86.917021,
144,0.001262,0.001946,0.980824,0.980236,0.980775,0.981316,0.980681,0.709238,0.923973,0.952300,0.964104,88.111053,
145,0.001262,0.001262,0.980958,0.980441,0.980982,0.981514,0.980739,0.710279,0.924416,0.952595,0.964266,88.165011,
146,0.011073,0.011073,0.980927,0.980416,0.980819,0.981555,0.980714,0.710454,0.924611,0.952668,0.964273,88.175087,
147,0.002310,0.016193,0.980984,0.980627,0.980564,0.981740,0.980774,0.710966,0.925094,0.952822,0.964490,88.199981,
148,0.001459,0.002310,0.981004,0.980494,0.980469,0.981763,0.980866,0.711646,0.925297,0.952946,0.964600,88.216991,
149,0.001459,0.001459,0.981071,0.980623,0.980564,0.981823,0.980913,0.712004,0.925451,0.953061,0.964666,88.241275,
150,0.012681,0.012681,0.982107,0.983150,0.982861,0.983324,0.980945,0.733798,0.940356,0.962221,0.970664,89.360440,
151,0.003026,0.014564,0.982213,0.983078,0.982888,0.983310,0.981183,0.734027,0.940649,0.962402,0.970831,89.392368,
152,0.001512,0.003026,0.982202,0.983201,0.982929,0.983264,0.981146,0.734464,0.940763,0.962416,0.970757,89.382714,
153,0.001512,0.001512,0.982218,0.983197,0.982905,0.983311,0.981162,0.734642,0.940848,0.962487,0.970813,89.393598,
154,0.012505,0.012701,0.982195,0.983225,0.982843,0.983395,0.981083,0.734498,0.940896,0.962546,0.970819,89.406480,
155,0.002569,0.012505,0.982240,0.983310,0.982903,0.983300,0.981193,0.734595,0.941074,0.962633,0.970852,89.409906,
156,0.001054,0.002569,0.982256,0.983405,0.982871,0.983231,0.981258,0.735523,0.941353,0.962839,0.970963,89.428924,
157,0.001054,0.001054,0.982287,0.983460,0.982838,0.983293,0.981289,0.735711,0.941434,0.962899,0.970984,89.439951,
158,0.011562,0.011562,0.982138,0.983695,0.982739,0.982677,0.981309,0.735772,0.941488,0.962911,0.971114,89.432407,
159,0.002925,0.013169,0.982248,0.983751,0.982789,0.982779,0.981455,0.735995,0.941724,0.963110,0.971179,89.459042,
160,0.001205,0.002925,0.982268,0.983853,0.982828,0.982812,0.981444,0.736552,0.941834,0.963138,0.971159,89.460514,
161,0.001205,0.001205,0.982351,0.984074,0.982848,0.982922,0.981506,0.736840,0.941943,0.963223,0.971144,89.481102,
162,0.010915,0.010915,0.982342,0.984080,0.982853,0.982966,0.981460,0.737311,0.942143,0.963345,0.971251,89.505682,
163,0.002541,0.014052,0.983296,0.984620,0.983640,0.984377,0.982297,0.748058,0.946937,0.965925,0.972960,89.952076,
164,0.001232,0.002541,0.983396,0.984585,0.983707,0.984434,0.982459,0.748523,0.946976,0.965904,0.972916,89.967176,
165,0.001232,0.001232,0.983400,0.984564,0.983779,0.984393,0.982471,0.748686,0.947049,0.965950,0.972980,89.975254,
166,0.011450,0.012558,0.983289,0.984514,0.983553,0.984337,0.982357,0.748558,0.947038,0.965947,0.972965,89.963532,
167,0.002260,0.011450,0.983273,0.984342,0.983773,0.984182,0.982369,0.748677,0.947234,0.966130,0.973002,89.959367,
168,0.000697,0.002260,0.983646,0.984546,0.984315,0.984741,0.982611,0.752498,0.948737,0.966819,0.973313,90.093840,
169,0.000697,0.000697,0.984394,0.984905,0.985090,0.986012,0.983133,0.761813,0.953592,0.969577,0.975167,90.530435,
170,0.009438,0.009438,0.984373,0.984885,0.985066,0.986043,0.983084,0.761892,0.953689,0.969609,0.975242,90.545058,
171,0.002586,0.012426,0.984450,0.984878,0.985009,0.986061,0.983258,0.762034,0.953820,0.969724,0.975308,90.563325,
172,0.000749,0.002586,0.984522,0.984957,0.985208,0.986113,0.983293,0.762737,0.953957,0.969772,0.975275,90.575677,
173,0.000749,0.000749,0.984543,0.984990,0.985258,0.986140,0.983299,0.763144,0.954073,0.969817,0.975335,90.587112,
174,0.010030,0.010030,0.984679,0.985162,0.985477,0.986434,0.983310,0.766163,0.955164,0.970322,0.975598,90.672989,
175,0.001902,0.010623,0.984989,0.985401,0.985692,0.986826,0.983621,0.772334,0.958248,0.972222,0.976914,90.922822,
176,0.000567,0.001902,0.984938,0.985414,0.985736,0.986765,0.983529,0.772752,0.958251,0.972203,0.976851,90.903876,
177,0.000567,0.000567,0.984945,0.985421,0.985761,0.986798,0.983515,0.772896,0.958306,0.972240,0.976897,90.910777,
178,0.008991,0.008991,0.984940,0.985411,0.985699,0.986875,0.983484,0.772857,0.958341,0.972238,0.976848,90.916974,
179,0.001859,0.009798,0.985089,0.985398,0.985739,0.986965,0.983738,0.773041,0.958492,0.972352,0.976976,90.955299,
180,0.000530,0.001859,0.985081,0.985461,0.985837,0.986986,0.983662,0.773599,0.958578,0.972391,0.977008,90.956053,
181,0.000530,0.000530,0.985098,0.985386,0.985909,0.987049,0.983652,0.773881,0.958654,0.972439,0.976993,90.960652,
182,0.008548,0.008548,0.985188,0.985662,0.986118,0.987260,0.983595,0.782696,0.961993,0.974334,0.978216,91.176874,
183,0.001761,0.008749,0.985265,0.985613,0.986145,0.987298,0.983738,0.783040,0.962141,0.974412,0.978302,91.195193,
184,0.000311,0.001761,0.985225,0.985564,0.986134,0.987247,0.983695,0.783328,0.962145,0.974365,0.978306,91.182619,
185,0.000311,0.000311,0.985229,0.985617,0.986077,0.987256,0.983708,0.783427,0.962195,0.974434,0.978370,91.191762,
186,0.006742,0.006742,0.985195,0.985608,0.986116,0.987286,0.983608,0.783391,0.962193,0.974448,0.978378,91.194223,
187,0.001149,0.007046,0.985278,0.985691,0.986182,0.987351,0.983706,0.783471,0.962233,0.974496,0.978427,91.210742,
188,0.000203,0.001149,0.985787,0.987315,0.986773,0.987806,0.983992,0.794104,0.964902,0.975844,0.979294,91.451402,
189,0.000203,0.000203,0.985857,0.987775,0.986649,0.987837,0.984072,0.795192,0.965116,0.975966,0.979355,91.476882,
190,0.005943,0.005943,0.985809,0.987843,0.986618,0.987803,0.983988,0.795344,0.965145,0.975940,0.979331,91.471236,
191,0.001430,0.007060,0.985904,0.987893,0.986615,0.987930,0.984107,0.795584,0.965265,0.976032,0.979336,91.490466,
192,0.000229,0.001430,0.985879,0.987998,0.986580,0.987915,0.984052,0.796990,0.965539,0.976147,0.979344,91.489336,
193,0.000229,0.000229,0.985950,0.988182,0.986691,0.988006,0.984077,0.798098,0.965803,0.976271,0.979425,91.517134,
194,0.005121,0.005121,0.985992,0.988443,0.986802,0.987993,0.984080,0.800537,0.966357,0.976517,0.979588,91.557220,
195,0.001120,0.006687,0.986126,0.988694,0.987042,0.988088,0.984175,0.804147,0.967564,0.977287,0.980037,91.653121,
196,0.000133,0.001120,0.986132,0.988766,0.987044,0.988138,0.984145,0.804930,0.967635,0.977310,0.980076,91.657241,
197,0.000133,0.000133,0.986139,0.988842,0.986984,0.988144,0.984162,0.805334,0.967709,0.977366,0.980108,91.663855,
198,0.004956,0.004956,0.986025,0.988772,0.987051,0.987907,0.984046,0.805517,0.967761,0.977440,0.979999,91.640286,
199,0.000972,0.004970,0.986056,0.988743,0.987098,0.987840,0.984139,0.805713,0.967874,0.977476,0.980098,91.651535,
200,0.000135,0.000972,0.986255,0.988966,0.987141,0.987916,0.984457,0.806645,0.967935,0.977479,0.980193,91.700937,
201,0.000135,0.000135,0.986909,0.989926,0.988308,0.988102,0.985134,0.809461,0.968692,0.977971,0.980492,91.889645,
202,0.003415,0.004072,0.986893,0.989992,0.988304,0.988057,0.985115,0.809495,0.968676,0.977957,0.980488,91.889694,
203,0.000785,0.003415,0.986942,0.989902,0.988347,0.988131,0.985179,0.809637,0.968795,0.978106,0.980570,91.910102,
204,0.000106,0.000785,0.987024,0.989993,0.988445,0.988129,0.985302,0.809836,0.968721,0.977997,0.980485,91.915134,
205,0.000106,0.000106,0.987046,0.989988,0.988506,0.988139,0.985321,0.809932,0.968750,0.978016,0.980497,91.921628,
206,0.002649,0.002649,0.987029,0.990032,0.988454,0.988162,0.985284,0.810164,0.968825,0.978016,0.980549,91.925865,
207,0.000838,0.004196,0.987048,0.990120,0.988526,0.988201,0.985258,0.811335,0.969205,0.978241,0.980759,91.955023,
208,0.000111,0.000838,0.987073,0.990230,0.988498,0.988233,0.985280,0.811635,0.969210,0.978223,0.980751,91.957945,
209,0.000111,0.000111,0.987109,0.990206,0.988586,0.988258,0.985316,0.811688,0.969228,0.978219,0.980755,91.965907,
210,0.003642,0.003642,0.987095,0.990212,0.988475,0.988263,0.985321,0.811740,0.969244,0.978239,0.980726,91.966132,
211,0.001199,0.004692,0.987119,0.990166,0.988453,0.988314,0.985361,0.811886,0.969328,0.978299,0.980742,91.972361,
212,0.000117,0.001199,0.987253,0.990287,0.988756,0.988479,0.985421,0.815087,0.969894,0.978497,0.980882,92.020707,
213,0.000117,0.000117,0.987445,0.990391,0.988895,0.988758,0.985599,0.818587,0.970788,0.978984,0.981181,92.109503,
214,0.003293,0.003293,0.987447,0.990418,0.988964,0.988872,0.985509,0.819360,0.970871,0.979005,0.981162,92.113613,
215,0.000838,0.003988,0.987557,0.990393,0.988965,0.989066,0.985639,0.819864,0.971081,0.979146,0.981273,92.150060,
216,0.000060,0.000838,0.987539,0.990469,0.988994,0.989124,0.985540,0.820286,0.971068,0.979089,0.981215,92.137566,
217,0.000060,0.000060,0.987556,0.990458,0.989000,0.989146,0.985566,0.820428,0.971107,0.979130,0.981227,92.144239,
218,0.003241,0.003241,0.987548,0.990433,0.989042,0.989172,0.985523,0.820506,0.971095,0.979129,0.981176,92.142489,
219,0.000887,0.004224,0.987605,0.990439,0.989050,0.989228,0.985609,0.820666,0.971216,0.979201,0.981290,92.164409,
220,0.000075,0.000887,0.987816,0.990604,0.989374,0.989595,0.985701,0.826969,0.972630,0.979883,0.981734,92.277802,
221,0.000075,0.000075,0.987978,0.990694,0.989541,0.989890,0.985801,0.829421,0.973116,0.980125,0.981893,92.337374,
222,0.002854,0.002854,0.987966,0.990668,0.989520,0.989895,0.985786,0.829654,0.973136,0.980125,0.981844,92.334809,
223,0.000836,0.003755,0.988050,0.990681,0.989528,0.989977,0.985910,0.829887,0.973258,0.980212,0.981952,92.362928,
224,0.000082,0.000836,0.988059,0.990718,0.989672,0.990097,0.985804,0.831999,0.973565,0.980344,0.981973,92.371988,
225,0.000082,0.000082,0.988122,0.990763,0.989747,0.990222,0.985833,0.833506,0.973848,0.980483,0.982081,92.401134,
226,0.003505,0.003898,0.988164,0.990797,0.989847,0.990255,0.985861,0.836393,0.974324,0.980804,0.982291,92.446741,
227,0.000716,0.003505,0.988288,0.990846,0.989951,0.990478,0.985951,0.837220,0.974609,0.980994,0.982345,92.483530,
228,0.000073,0.000716,0.988281,0.990879,0.990008,0.990453,0.985923,0.837572,0.974535,0.980894,0.982288,92.471697,
229,0.000073,0.000073,0.988294,0.990870,0.989989,0.990478,0.985945,0.837718,0.974588,0.980934,0.982319,92.478889,
230,0.002718,0.002718,0.988305,0.990886,0.989963,0.990473,0.985976,0.837763,0.974589,0.980960,0.982337,92.487500,
231,0.000682,0.003298,0.988351,0.990903,0.989987,0.990545,0.986022,0.837978,0.974731,0.981042,0.982394,92.503391,
232,0.000097,0.000682,0.988513,0.990953,0.990231,0.990758,0.986149,0.842332,0.975792,0.981514,0.982675,92.584295,
233,0.000097,0.000097,0.988637,0.990997,0.990296,0.990861,0.986322,0.842809,0.975932,0.981618,0.982690,92.617470,
234,0.002614,0.002614,0.988617,0.991033,0.990281,0.990884,0.986263,0.842908,0.975940,0.981629,0.982645,92.613353,
235,0.000691,0.003253,0.988655,0.991055,0.990288,0.990906,0.986326,0.843059,0.976065,0.981734,0.982728,92.630838,
236,0.000063,0.000691,0.988694,0.991257,0.990271,0.990924,0.986363,0.844392,0.976160,0.981699,0.982642,92.630091,
237,0.000063,0.000063,0.988734,0.991397,0.990301,0.990958,0.986391,0.845323,0.976274,0.981746,0.982663,92.642941,
238,0.002636,0.002636,0.988749,0.991623,0.990345,0.990982,0.986347,0.849023,0.977109,0.982157,0.982979,92.695625,
239,0.000561,0.003353,0.988891,0.991680,0.990548,0.991138,0.986477,0.849586,0.977271,0.982313,0.983073,92.738543,
240,0.000105,0.000561,0.988930,0.991774,0.990645,0.991166,0.986490,0.849746,0.977225,0.982278,0.983028,92.740934,
241,0.000105,0.000105,0.988935,0.991772,0.990628,0.991175,0.986503,0.849797,0.977249,0.982273,0.983040,92.742930,
242,0.002551,0.002553,0.988923,0.991831,0.990611,0.991177,0.986470,0.849859,0.977255,0.982279,0.983025,92.742697,
243,0.000486,0.002551,0.988930,0.991817,0.990614,0.991153,0.986499,0.849952,0.977337,0.982320,0.983106,92.749904,
244,0.000082,0.000486,0.988933,0.991946,0.990678,0.991138,0.986466,0.851500,0.977419,0.982300,0.983073,92.746552,
245,0.000082,0.000082,0.989057,0.992250,0.990884,0.991305,0.986501,0.856427,0.978350,0.982797,0.983386,92.823415,
246,0.002302,0.002302,0.989036,0.992248,0.990813,0.991330,0.986467,0.856478,0.978347,0.982784,0.983379,92.820717,
247,0.000578,0.003169,0.989122,0.992258,0.990853,0.991422,0.986580,0.856606,0.978449,0.982886,0.983420,92.845198,
248,0.000069,0.000578,0.989136,0.992288,0.990886,0.991475,0.986563,0.857110,0.978476,0.982856,0.983442,92.848029,
249,0.000069,0.000069,0.989145,0.992314,0.990892,0.991481,0.986571,0.857305,0.978516,0.982897,0.983444,92.852042,
250,0.002660,0.002660,0.989199,0.992404,0.990901,0.991521,0.986642,0.857895,0.978586,0.982910,0.983457,92.869205,
251,0.000478,0.002915,0.989490,0.992994,0.991033,0.991571,0.987064,0.858768,0.978797,0.983060,0.983548,92.944084,
252,0.000037,0.000478,0.989521,0.993031,0.991130,0.991577,0.987085,0.859019,0.978784,0.982979,0.983565,92.947958,
253,0.000037,0.000037,0.989526,0.993034,0.991116,0.991579,0.987098,0.859043,0.978790,0.982990,0.983547,92.948034,
254,0.002368,0.002368,0.989511,0.993020,0.991173,0.991565,0.987057,0.859085,0.978781,0.982996,0.983556,92.948804,
255,0.000472,0.002814,0.989535,0.993052,0.991169,0.991595,0.987086,0.859213,0.978867,0.983065,0.983568,92.955968,
256,0.000104,0.000472,0.989572,0.993075,0.991163,0.991623,0.987147,0.859672,0.978869,0.983046,0.983586,92.964013,
257,0.000104,0.000104,0.989579,0.993100,0.991179,0.991634,0.987144,0.860521,0.978978,0.983104,0.983625,92.971419,
258,0.002157,0.002370,0.989569,0.993114,0.991157,0.991632,0.987128,0.860577,0.978983,0.983106,0.983619,92.971581,
259,0.000368,0.002157,0.989560,0.993095,0.991126,0.991688,0.987093,0.860638,0.979006,0.983123,0.983603,92.966934,
260,0.000035,0.000368,0.989544,0.993117,0.991121,0.991675,0.987064,0.860908,0.978980,0.983104,0.983585,92.960540,
261,0.000035,0.000035,0.989543,0.993126,0.991129,0.991677,0.987055,0.860957,0.978993,0.983089,0.983558,92.957478,
262,0.001913,0.001913,0.989533,0.993144,0.991157,0.991648,0.987037,0.860990,0.978995,0.983108,0.983552,92.958275,
263,0.000235,0.002057,0.989597,0.993140,0.991159,0.991721,0.987131,0.861119,0.979065,0.983166,0.983545,92.972144,
264,0.000010,0.000235,0.989624,0.993178,0.991263,0.991799,0.987101,0.862829,0.979281,0.983241,0.983645,92.989770,
265,0.000010,0.000010,0.989699,0.993178,0.991264,0.991851,0.987230,0.863186,0.979342,0.983294,0.983678,93.011211,
266,0.001738,0.001738,0.989672,0.993192,0.991269,0.991800,0.987198,0.863289,0.979357,0.983300,0.983701,93.009854,
267,0.000257,0.002251,0.989681,0.993184,0.991240,0.991829,0.987212,0.863377,0.979374,0.983307,0.983683,93.008789,
268,0.000018,0.000257,0.989731,0.993192,0.991284,0.991867,0.987278,0.864391,0.979405,0.983309,0.983679,93.018951,
269,0.000018,0.000018,0.989739,0.993211,0.991285,0.991905,0.987270,0.864941,0.979477,0.983350,0.983712,93.025476,
270,0.001382,0.001911,0.989719,0.993236,0.991302,0.991880,0.987232,0.865517,0.979536,0.983378,0.983710,93.024295,
271,0.000180,0.001382,0.989730,0.993227,0.991278,0.991880,0.987265,0.865700,0.979630,0.983459,0.983821,93.037863,
272,0.000013,0.000180,0.989744,0.993226,0.991310,0.991887,0.987280,0.865962,0.979634,0.983447,0.983754,93.034792,
273,0.000013,0.000013,0.989748,0.993233,0.991325,0.991873,0.987288,0.866013,0.979645,0.983449,0.983764,93.036493,
274,0.001303,0.001303,0.989746,0.993239,0.991351,0.991875,0.987273,0.866042,0.979636,0.983444,0.983754,93.036708,
275,0.000253,0.002096,0.989762,0.993245,0.991349,0.991898,0.987293,0.866119,0.979670,0.983483,0.983778,93.042534,
276,0.000015,0.000253,0.989783,0.993271,0.991413,0.991972,0.987269,0.866719,0.979667,0.983439,0.983722,93.040431,
277,0.000015,0.000015,0.989809,0.993306,0.991423,0.992018,0.987287,0.867339,0.979760,0.983472,0.983766,93.051293,
278,0.001910,0.001910,0.989792,0.993312,0.991438,0.992006,0.987251,0.867389,0.979761,0.983477,0.983763,93.050121,
279,0.000201,0.002104,0.989792,0.993274,0.991447,0.991931,0.987299,0.867452,0.979780,0.983506,0.983809,93.052892,
280,0.000009,0.000201,0.989725,0.993263,0.991465,0.991958,0.987138,0.867768,0.979773,0.983486,0.983757,93.033049,
281,0.000009,0.000009,0.989753,0.993272,0.991466,0.991953,0.987197,0.867894,0.979798,0.983513,0.983769,93.041197,
282,0.001553,0.001819,0.989758,0.993308,0.991493,0.992000,0.987166,0.868577,0.979848,0.983536,0.983774,93.046127,
283,0.000169,0.001553,0.989867,0.993328,0.991521,0.992041,0.987359,0.868993,0.979963,0.983629,0.983859,93.079234,
284,0.000032,0.000169,0.989794,0.993331,0.991544,0.991998,0.987220,0.869117,0.979940,0.983604,0.983778,93.055541,
285,0.000032,0.000032,0.989805,0.993327,0.991553,0.992009,0.987234,0.869124,0.979950,0.983604,0.983785,93.058326,
286,0.001411,0.001411,0.989803,0.993319,0.991557,0.992019,0.987225,0.869137,0.979938,0.983576,0.983775,93.057804,
287,0.000136,0.001566,0.989877,0.993322,0.991563,0.992039,0.987367,0.869178,0.979951,0.983629,0.983822,93.078194,
288,0.000016,0.000136,0.989871,0.993396,0.991621,0.992057,0.987309,0.870021,0.979995,0.983624,0.983776,93.072999,
289,0.000016,0.000016,0.989923,0.993400,0.991720,0.992149,0.987331,0.871427,0.980274,0.983782,0.983896,93.101842,
290,0.001245,0.001456,0.989908,0.993369,0.991691,0.992129,0.987327,0.871495,0.980275,0.983781,0.983884,93.099261,
291,0.000104,0.001245,0.989963,0.993351,0.991752,0.992224,0.987373,0.871602,0.980338,0.983810,0.983964,93.117685,
292,0.000009,0.000104,0.989951,0.993373,0.991773,0.992216,0.987339,0.871773,0.980334,0.983788,0.983920,93.110385,
293,0.000009,0.000009,0.989951,0.993373,0.991779,0.992213,0.987339,0.871809,0.980336,0.983782,0.983929,93.110899,
294,0.000662,0.001006,0.989968,0.993388,0.991793,0.992235,0.987356,0.872144,0.980353,0.983785,0.983931,93.115838,
295,0.000074,0.000662,0.989971,0.993423,0.991784,0.992258,0.987345,0.872564,0.980445,0.983884,0.984027,93.128075,
296,0.000010,0.000074,0.989953,0.993409,0.991784,0.992222,0.987330,0.872626,0.980455,0.983889,0.984048,93.125978,
297,0.000010,0.000010,0.989950,0.993404,0.991786,0.992222,0.987324,0.872621,0.980450,0.983885,0.984053,93.125600,
298,0.000015,0.000636,0.989955,0.993403,0.991765,0.992248,0.987326,0.872640,0.980454,0.983881,0.984051,93.126201,
299,0.000005,0.000015,0.989959,0.993401,0.991744,0.992259,0.987336,0.872632,0.980455,0.983886,0.984030,93.125641,
300,0.000005,0.000005,0.988943,0.989479,0.986125,0.992423,0.987847,0.863103,0.977354,0.982661,0.983766,92.817288,
301,0.000005,0.000005,0.988943,0.989479,0.986125,0.992423,0.987847,0.863103,0.977353,0.982657,0.983774,92.817764,
302,0.000066,0.000066,0.988837,0.989505,0.986094,0.992345,0.987670,0.862657,0.976154,0.981145,0.981929,92.576381,
303,0.000241,0.000241,0.987792,0.989017,0.985357,0.991776,0.986135,0.858473,0.972141,0.977382,0.978432,91.890551,
304,0.000000,0.021661,0.973468,0.986518,0.977960,0.976105,0.967731,0.844843,0.954277,0.959359,0.959996,86.493003,
305,0.000000,0.000000,0.949797,0.977352,0.958815,0.951219,0.940206,0.812738,0.922550,0.929448,0.929855,77.756362,
306,0.004960,0.264237,0.943633,0.980604,0.958659,0.941640,0.931956,0.780466,0.874549,0.874726,0.864623,69.419344,
307,0.004960,0.004960,0.878850,0.968093,0.917499,0.870303,0.851956,0.701683,0.804758,0.811847,0.806473,50.100379,
308,0.742956,0.742956,0.835177,0.955182,0.881633,0.809567,0.808796,0.646092,0.750443,0.761492,0.757417,38.175754,
309,4.297904,4.297904,0.875766,0.970270,0.915995,0.856126,0.852529,0.669351,0.834908,0.858865,0.855443,59.493201,
310,4.190934,4.701116,0.865672,0.961618,0.899233,0.835949,0.849285,0.628531,0.828685,0.862416,0.871200,58.629368,
311,4.190934,4.190934,0.825783,0.935372,0.849132,0.795313,0.809441,0.575705,0.789348,0.832620,0.847649,48.232087,
312,4.488940,4.488940,0.846878,0.946630,0.876499,0.820318,0.827217,0.554726,0.764630,0.813069,0.833840,51.374370,
313,5.330511,6.254461,0.911447,0.969177,0.930749,0.893491,0.900198,0.556828,0.772705,0.824247,0.850982,66.888661,
314,5.330511,5.330511,0.935402,0.973615,0.946639,0.923991,0.928072,0.590964,0.794945,0.838912,0.858430,72.756368,
315,5.511861,5.553692,0.972085,0.978026,0.963064,0.964525,0.978397,0.595676,0.797615,0.839368,0.860244,80.797727,
316,4.575785,5.511861,0.999245,0.980870,0.977355,0.991032,1.017125,0.573001,0.774491,0.819041,0.839897,83.317727,
317,4.560633,4.575785,1.018324,0.989835,0.989855,1.013379,1.039051,0.546241,0.746667,0.795276,0.822414,85.360456,
318,4.392176,4.560633,1.012215,0.986827,0.994538,1.008940,1.026888,0.566924,0.760193,0.804739,0.831645,84.793325,
319,4.392176,4.392176,0.990321,0.971527,0.979996,0.987138,1.000451,0.577175,0.777681,0.827482,0.860774,83.016430,
320,2.717446,4.476163,0.992924,0.971911,0.983793,0.999839,0.996665,0.561691,0.751383,0.800715,0.835630,78.955527,
321,2.681369,2.717446,0.981427,0.965099,0.974300,0.986104,0.984692,0.597354,0.792065,0.841066,0.873250,80.442800,
322,2.619429,2.681369,0.980490,0.966023,0.977765,0.982558,0.983304,0.627330,0.827741,0.875491,0.906834,83.849384,
323,1.006728,2.619429,0.967762,0.958420,0.961316,0.972018,0.969420,0.632678,0.834050,0.884183,0.920743,80.530713,
324,0.494955,1.006728,0.960748,0.957289,0.953568,0.964186,0.961979,0.670660,0.868412,0.913071,0.942460,81.123137,
325,0.288900,0.494955,0.962365,0.963975,0.960756,0.964756,0.961090,0.694777,0.886671,0.927079,0.950974,82.406774,
326,0.189782,0.288900,0.962551,0.966037,0.963882,0.963888,0.960464,0.703848,0.895966,0.934271,0.956226,83.021282,
327,0.189782,0.189782,0.962713,0.967857,0.966850,0.963563,0.959553,0.708967,0.901308,0.938219,0.958332,83.383835,
328,0.109758,0.269410,0.961488,0.966358,0.967309,0.962774,0.957492,0.704203,0.900085,0.937369,0.957414,82.917220,
329,0.073606,0.109758,0.961570,0.966635,0.967377,0.962887,0.957521,0.712570,0.905676,0.941334,0.960429,83.285639,
330,0.066446,0.073606,0.961733,0.966389,0.967493,0.963137,0.957729,0.715011,0.908758,0.943757,0.961907,83.529599,
331,0.066446,0.066446,0.961798,0.965736,0.967226,0.963236,0.958045,0.720761,0.914424,0.947725,0.964629,83.925783,
332,0.088155,0.112690,0.961756,0.964916,0.966955,0.963173,0.958263,0.720339,0.917024,0.949559,0.965756,84.115694,
333,0.050409,0.088155,0.961927,0.964993,0.967263,0.963571,0.958261,0.727347,0.921864,0.952686,0.967938,84.408632,
334,0.041069,0.050409,0.962457,0.965311,0.967772,0.964038,0.958883,0.728837,0.924818,0.955079,0.969588,84.745893,
335,0.041069,0.041069,0.963415,0.965865,0.968268,0.965178,0.959979,0.735160,0.929084,0.957637,0.971149,85.185731,
336,0.069962,0.096814,0.964800,0.966541,0.968994,0.966285,0.961930,0.736828,0.932153,0.959545,0.972238,85.693408,
337,0.029119,0.069962,0.965748,0.967494,0.969851,0.967296,0.962872,0.742098,0.935377,0.961461,0.973640,86.039417,
338,0.027346,0.029119,0.967004,0.968380,0.970662,0.968759,0.964237,0.743779,0.937778,0.963206,0.974901,86.486241,
339,0.027346,0.027346,0.967419,0.968816,0.971229,0.969166,0.964597,0.749193,0.940970,0.964913,0.975830,86.725887,
340,0.065966,0.069699,0.967824,0.969136,0.971597,0.969444,0.965114,0.749866,0.943215,0.966247,0.976272,86.961644,
341,0.022685,0.065966,0.968162,0.969538,0.972004,0.969791,0.965408,0.753338,0.945181,0.967388,0.977130,87.097652,
342,0.021230,0.022685,0.968535,0.969793,0.972314,0.970233,0.965783,0.754316,0.947065,0.968649,0.977976,87.302115,
343,0.021230,0.021230,0.970080,0.972939,0.975111,0.971346,0.966806,0.762702,0.950554,0.970453,0.978780,87.780388,
344,0.056576,0.066909,0.971639,0.975900,0.977860,0.972808,0.967692,0.766700,0.953611,0.972199,0.979729,88.320716,
345,0.016944,0.056576,0.972990,0.978515,0.980209,0.974059,0.968473,0.771697,0.955533,0.973150,0.980226,88.643509,
346,0.014987,0.016944,0.974410,0.980589,0.982299,0.975408,0.969553,0.774099,0.957656,0.974684,0.981307,89.105602,
347,0.014987,0.014987,0.975111,0.981993,0.983089,0.976013,0.970133,0.780046,0.959607,0.975465,0.981467,89.306315,
348,0.041807,0.056159,0.975640,0.983162,0.983883,0.976481,0.970470,0.781745,0.961185,0.976225,0.981852,89.524387,
349,0.010742,0.041807,0.975846,0.983892,0.984321,0.976559,0.970560,0.782553,0.961551,0.976521,0.982029,89.555534,
350,0.008987,0.010742,0.976765,0.985218,0.985375,0.977507,0.971326,0.791504,0.965518,0.978778,0.983604,89.984890,
351,0.008987,0.008987,0.976957,0.985661,0.985814,0.977379,0.971579,0.795305,0.966589,0.979267,0.983575,90.047296,
352,0.029129,0.040534,0.977062,0.985567,0.985840,0.977678,0.971630,0.794866,0.967022,0.979342,0.983597,90.103640,
353,0.007141,0.029129,0.977218,0.985749,0.986036,0.977806,0.971786,0.795893,0.967299,0.979459,0.983606,90.114671,
354,0.005613,0.007141,0.977394,0.985801,0.986055,0.978037,0.972010,0.796183,0.968135,0.980044,0.984203,90.227018,
355,0.005613,0.005613,0.977512,0.985992,0.986326,0.978111,0.972084,0.800027,0.969125,0.980436,0.984304,90.279444,
356,0.027051,0.028079,0.977624,0.985903,0.986403,0.978362,0.972162,0.801751,0.970190,0.981010,0.984555,90.380505,
357,0.007381,0.027051,0.977647,0.986017,0.986604,0.978375,0.972106,0.803287,0.970526,0.981236,0.984724,90.383147,
358,0.004820,0.007381,0.977772,0.985970,0.986592,0.978635,0.972231,0.803936,0.971510,0.981973,0.985310,90.489459,
359,0.004820,0.004820,0.977792,0.986083,0.986716,0.978602,0.972228,0.806455,0.971870,0.981951,0.985200,90.484247,
360,0.025387,0.025387,0.977852,0.985967,0.986691,0.978739,0.972308,0.806957,0.972369,0.982214,0.985290,90.545231,
361,0.009059,0.034822,0.977805,0.986120,0.986818,0.978620,0.972201,0.808552,0.972646,0.982380,0.985484,90.536326,
362,0.005852,0.009059,0.977868,0.986079,0.986813,0.978729,0.972280,0.809860,0.973441,0.982836,0.985837,90.596351,
363,0.005852,0.005852,0.977834,0.986185,0.986872,0.978608,0.972238,0.809905,0.973502,0.982914,0.985906,90.598185,
364,0.000017,0.032248,0.977820,0.986028,0.986824,0.978606,0.972259,0.808732,0.973535,0.982853,0.985809,90.577713,
365,0.000000,0.000017,0.977828,0.986136,0.986909,0.978508,0.972286,0.809123,0.973724,0.982994,0.985882,90.592134,
366,0.000000,0.000000,0.977806,0.986052,0.986835,0.978552,0.972253,0.808758,0.973579,0.982895,0.985851,90.579957,
367,0.000000,0.000000,0.977796,0.986105,0.986874,0.978524,0.972224,0.808871,0.973634,0.982936,0.985876,90.581908,
368,0.000004,0.000102,0.977814,0.986050,0.986831,0.978563,0.972267,0.808748,0.973549,0.982863,0.985826,90.578320,
369,0.000004,0.000004,0.979274,0.989780,0.986780,0.978859,0.974554,0.816070,0.975245,0.983791,0.986028,90.954893,
370,0.000218,0.000218,0.979338,0.989947,0.987114,0.978794,0.974580,0.816938,0.975659,0.984060,0.986148,90.991919,
371,0.000448,0.000448,0.979380,0.990049,0.987252,0.978743,0.974633,0.817223,0.975727,0.984078,0.986156,91.002835,
372,0.004005,0.239250,0.979560,0.990460,0.990226,0.979299,0.973510,0.828475,0.975906,0.984425,0.986502,91.085400,
373,0.001091,0.004005,0.979554,0.990449,0.990140,0.979445,0.973437,0.828976,0.976040,0.984483,0.986452,91.079200,
374,0.000776,0.001091,0.979571,0.990469,0.990141,0.979468,0.973456,0.829801,0.976190,0.984521,0.986437,91.083342,
375,0.000776,0.000776,0.979603,0.990507,0.990133,0.979507,0.973495,0.830300,0.976373,0.984640,0.986534,91.103763,
376,0.002939,0.002939,0.979588,0.990452,0.990066,0.979522,0.973488,0.830131,0.976377,0.984626,0.986536,91.103021,
377,0.001571,0.005466,0.979610,0.990460,0.990028,0.979588,0.973508,0.830024,0.976370,0.984618,0.986543,91.106278,
378,0.001357,0.001571,0.979648,0.990538,0.990149,0.979554,0.973553,0.830674,0.976522,0.984699,0.986542,91.118064,
379,0.001357,0.001357,0.979654,0.990569,0.990121,0.979522,0.973591,0.830544,0.976488,0.984684,0.986576,91.121396,
380,0.005143,0.005143,0.979657,0.990574,0.990161,0.979512,0.973588,0.830317,0.976498,0.984673,0.986568,91.126121,
381,0.002461,0.008486,0.979646,0.990449,0.990029,0.979639,0.973556,0.830338,0.976610,0.984803,0.986702,91.136861,
382,0.002059,0.002461,0.979708,0.990551,0.990170,0.979604,0.973643,0.830478,0.976690,0.984881,0.986749,91.157306,
383,0.002059,0.002059,0.979708,0.990504,0.990107,0.979659,0.973641,0.830634,0.976743,0.984916,0.986793,91.162517,
384,0.000593,0.008326,0.979708,0.990586,0.990194,0.979581,0.973643,0.830225,0.976713,0.984880,0.986756,91.156065,
385,0.000190,0.000593,0.979701,0.990492,0.990092,0.979654,0.973636,0.830078,0.976672,0.984849,0.986725,91.149990,
386,0.000144,0.000190,0.979716,0.990538,0.990165,0.979649,0.973636,0.830348,0.976771,0.984913,0.986762,91.159301,
387,0.000144,0.000144,0.979712,0.990539,0.990163,0.979639,0.973634,0.830340,0.976775,0.984918,0.986768,91.159132,
388,0.000548,0.000548,0.979697,0.990493,0.990047,0.979638,0.973655,0.830033,0.976669,0.984854,0.986719,91.149330,
389,0.000786,0.000786,0.273160,0.596965,0.313646,0.208322,0.231678,0.180984,0.198487,0.188898,0.169031,0.000000,
390,0.002228,87.547501,0.941663,0.965501,0.934125,0.932435,0.946372,0.654291,0.854798,0.899477,0.927758,74.839115,
391,0.000443,0.002228,0.941582,0.965426,0.933991,0.932700,0.946038,0.654789,0.854963,0.899600,0.927838,74.829592,
392,0.000303,0.000443,0.941794,0.965628,0.934305,0.932715,0.946363,0.655271,0.855198,0.899788,0.928007,74.893120,
393,0.000303,0.000303,0.944012,0.967767,0.938418,0.935256,0.947512,0.658739,0.861095,0.905203,0.932217,75.882508,
394,0.000416,0.001193,0.944026,0.967756,0.938405,0.935258,0.947554,0.658796,0.861135,0.905229,0.932228,75.887353,
395,0.000252,0.000416,0.943987,0.967733,0.938413,0.935285,0.947439,0.658851,0.861131,0.905237,0.932251,75.880940,
396,0.000232,0.000252,0.944077,0.967844,0.938455,0.935291,0.947610,0.658744,0.861115,0.905239,0.932246,75.899618,
397,0.000232,0.000232,0.944035,0.967831,0.938465,0.935315,0.947487,0.658848,0.861139,0.905246,0.932266,75.892503,
398,0.000434,0.000465,0.944651,0.967946,0.939008,0.936101,0.948124,0.659724,0.861941,0.905894,0.932786,76.085721,
399,0.000235,0.000434,0.946109,0.968015,0.940222,0.938041,0.949651,0.666479,0.870732,0.913069,0.937718,77.040068,
400,0.000231,0.000235,0.946415,0.968059,0.940357,0.938433,0.950032,0.666602,0.870788,0.913133,0.937801,77.113535,
401,0.000231,0.000231,0.946435,0.968141,0.940267,0.938692,0.949896,0.666485,0.870717,0.913117,0.937811,77.118062,
402,0.000488,0.000488,0.946870,0.968231,0.940453,0.939188,0.950479,0.667032,0.871148,0.913406,0.938010,77.236208,
403,0.000761,0.005850,0.947033,0.968316,0.940525,0.939470,0.950605,0.667297,0.871352,0.913539,0.938126,77.284542,
404,0.000744,0.000761,0.947380,0.968476,0.940678,0.939877,0.951039,0.667657,0.871612,0.913708,0.938219,77.371280,
405,0.000744,0.000744,0.947439,0.968565,0.940696,0.940138,0.950949,0.667667,0.871723,0.913801,0.938290,77.392882,
406,0.005683,0.005683,0.950819,0.971611,0.945911,0.943478,0.953636,0.680054,0.884880,0.924246,0.946551,79.153501,
407,0.002065,0.009659,0.951132,0.971563,0.946439,0.943981,0.953794,0.680639,0.885367,0.924590,0.946853,79.251900,
408,0.001407,0.002065,0.951256,0.971601,0.946517,0.944097,0.953965,0.680762,0.885457,0.924661,0.946894,79.283274,
409,0.001407,0.001407,0.951157,0.971242,0.946297,0.944234,0.953797,0.680163,0.885270,0.924588,0.946913,79.261626,
410,0.008770,0.008770,0.951903,0.971929,0.947270,0.944737,0.954648,0.681556,0.886086,0.925085,0.947165,79.467135,
411,0.001693,0.010006,0.952212,0.972256,0.947888,0.945048,0.954816,0.682305,0.886523,0.925395,0.947448,79.557404,
412,0.000960,0.001693,0.957179,0.975224,0.954322,0.949898,0.959720,0.711253,0.914509,0.945340,0.960899,82.473873,
413,0.000960,0.000960,0.957467,0.975387,0.954731,0.950200,0.959974,0.711497,0.914834,0.945596,0.961030,82.556556,
414,0.009603,0.009603,0.957575,0.975506,0.954896,0.950291,0.960068,0.711774,0.914966,0.945739,0.961153,82.606275,
415,0.002291,0.013592,0.957683,0.975559,0.955016,0.950283,0.960277,0.711993,0.915032,0.945773,0.961211,82.625762,
416,0.001561,0.002291,0.957719,0.975602,0.955086,0.950392,0.960237,0.712099,0.915085,0.945809,0.961144,82.628610,
417,0.001561,0.001561,0.957662,0.975309,0.954890,0.950485,0.960181,0.711732,0.915007,0.945784,0.961192,82.619452,
418,0.012888,0.012888,0.961928,0.979305,0.962453,0.955388,0.962561,0.727324,0.926587,0.953576,0.966410,84.288163,
419,0.002727,0.016991,0.962251,0.979692,0.962804,0.955774,0.962809,0.728137,0.926992,0.953839,0.966521,84.364209,
420,0.001944,0.002727,0.962423,0.979882,0.963015,0.956088,0.962846,0.728404,0.927124,0.953907,0.966625,84.410999,
421,0.001944,0.001944,0.962499,0.979869,0.962870,0.956221,0.962995,0.728335,0.927310,0.954046,0.966622,84.433395,
422,0.014705,0.014705,0.962851,0.979954,0.963349,0.956587,0.963346,0.728987,0.927616,0.954264,0.966781,84.547152,
423,0.002868,0.015335,0.962875,0.980154,0.963462,0.956532,0.963350,0.729363,0.927691,0.954189,0.966809,84.535651,
424,0.001855,0.002868,0.963058,0.980275,0.963767,0.956765,0.963456,0.729785,0.927870,0.954318,0.966914,84.587349,
425,0.001855,0.001855,0.964876,0.980782,0.966260,0.958764,0.965158,0.743790,0.939734,0.962628,0.972554,85.791021,
426,0.013510,0.013510,0.965142,0.980854,0.966549,0.959104,0.965402,0.744088,0.939930,0.962820,0.972685,85.882110,
427,0.002923,0.015570,0.964967,0.981024,0.966552,0.958941,0.965054,0.744509,0.939993,0.962808,0.972713,85.832041,
428,0.001962,0.002923,0.965122,0.981036,0.966709,0.959102,0.965239,0.744722,0.940080,0.962874,0.972760,85.870767,
429,0.001962,0.001962,0.965049,0.981121,0.966750,0.959045,0.965065,0.744762,0.940233,0.962948,0.972797,85.861543,
430,0.014257,0.014257,0.965458,0.981209,0.966997,0.959493,0.965594,0.745322,0.940467,0.963222,0.973034,85.996043,
431,0.003445,0.016791,0.965468,0.981340,0.967079,0.959506,0.965539,0.754519,0.947003,0.968054,0.976378,86.466197,
432,0.002007,0.003445,0.965534,0.981397,0.967110,0.959676,0.965541,0.754645,0.947041,0.968085,0.976470,86.487198,
433,0.002007,0.002007,0.965550,0.981414,0.967170,0.959645,0.965575,0.754708,0.947267,0.968257,0.976516,86.502480,
434,0.015064,0.015064,0.965789,0.981475,0.967358,0.959966,0.965813,0.755053,0.947421,0.968386,0.976567,86.580491,
435,0.003099,0.015243,0.965707,0.981452,0.967351,0.959836,0.965723,0.755351,0.947452,0.968350,0.976534,86.543096,
436,0.001682,0.003099,0.965805,0.981423,0.967451,0.959987,0.965810,0.755509,0.947540,0.968431,0.976576,86.569277,
437,0.001682,0.001682,0.967730,0.981704,0.968294,0.962803,0.967916,0.758944,0.949558,0.969941,0.977681,87.139602,
438,0.011185,0.013297,0.967784,0.981637,0.968315,0.962899,0.967981,0.758809,0.949587,0.970004,0.977809,87.176704,
439,0.002133,0.011185,0.967635,0.981543,0.968253,0.962650,0.967859,0.758887,0.949483,0.969915,0.977714,87.120994,
440,0.001047,0.002133,0.967657,0.981604,0.968234,0.962680,0.967881,0.758959,0.949514,0.969914,0.977693,87.122503,
441,0.001047,0.001047,0.967627,0.981606,0.968207,0.962636,0.967855,0.758951,0.949496,0.969892,0.977699,87.115658,
442,0.000007,0.010796,0.967696,0.981540,0.968159,0.962801,0.967931,0.758966,0.949595,0.970016,0.977812,87.143592,
443,0.000007,0.000007,0.967698,0.981540,0.968165,0.962799,0.967935,0.758970,0.949600,0.970017,0.977813,87.144244,
444,0.000039,0.000039,0.351184,0.661646,0.350486,0.281782,0.329643,0.240159,0.255316,0.249208,0.234436,0.000000,
445,0.000007,0.000039,0.351172,0.661676,0.350455,0.281894,0.329530,0.240154,0.255314,0.249206,0.234429,0.000000,
446,0.000007,0.000007,0.351185,0.661674,0.350482,0.281901,0.329546,0.240153,0.255314,0.249206,0.234411,0.000000,
447,0.001370,67.061424,0.969599,0.988502,0.987221,0.970661,0.957495,0.835566,0.963577,0.974439,0.978774,87.824280,
448,0.000563,0.001370,0.969601,0.988503,0.987289,0.970787,0.957380,0.836207,0.963639,0.974445,0.978762,87.823083,
449,0.000420,0.000563,0.969592,0.988499,0.987257,0.970866,0.957315,0.836514,0.963659,0.974448,0.978774,87.821965,
450,0.000420,0.000420,0.969982,0.988678,0.987647,0.971045,0.957901,0.838124,0.964447,0.975075,0.979293,87.976885,
451,0.000534,0.000686,0.969963,0.988679,0.987639,0.971050,0.957856,0.838148,0.964438,0.975072,0.979297,87.972974,
452,0.000247,0.000534,0.969959,0.988699,0.987660,0.971041,0.957842,0.838439,0.964471,0.975079,0.979280,87.970908,
453,0.000247,0.000247,0.969985,0.988678,0.987636,0.971059,0.957905,0.838372,0.964438,0.975053,0.979287,87.975830,
454,0.000311,0.000311,0.970015,0.988645,0.987630,0.971094,0.957958,0.838397,0.964451,0.975067,0.979289,87.983084,
455,0.000260,0.000465,0.970140,0.988764,0.987642,0.971151,0.958181,0.839104,0.964802,0.975322,0.979472,88.036681,
456,0.000068,0.000260,0.970509,0.988313,0.987626,0.971358,0.959002,0.842502,0.966485,0.976750,0.980821,88.290690,
457,0.000051,0.000068,0.970770,0.988547,0.987771,0.971372,0.959498,0.843295,0.966925,0.977108,0.981006,88.378722,
458,0.000051,0.000051,0.970813,0.988647,0.987853,0.971429,0.959502,0.843387,0.966940,0.977125,0.981032,88.390873,
459,0.000210,0.000210,0.970830,0.988691,0.987811,0.971416,0.959560,0.843334,0.966928,0.977126,0.981034,88.394888,
460,0.001483,0.007537,0.970878,0.988894,0.987943,0.971456,0.959545,0.843683,0.967053,0.977172,0.981117,88.415945,
461,0.001483,0.001483,0.971158,0.988921,0.988117,0.971566,0.960046,0.844407,0.967317,0.977393,0.981259,88.498155,
462,0.001532,0.001532,0.972020,0.988584,0.988405,0.972486,0.961354,0.846922,0.968433,0.978205,0.981852,88.770619,
463,0.006502,0.006502,0.971962,0.988539,0.988159,0.972358,0.961422,0.846932,0.968390,0.978180,0.981831,88.761749,
464,0.001605,0.008659,0.971906,0.988537,0.988039,0.972397,0.961314,0.847010,0.968251,0.978003,0.981669,88.722071,
465,0.001459,0.001605,0.972016,0.988639,0.988077,0.972547,0.961425,0.847372,0.968362,0.978080,0.981757,88.756264,
466,0.001459,0.001459,0.972060,0.988756,0.988204,0.972563,0.961439,0.847511,0.968384,0.978076,0.981698,88.760934,
467,0.008010,0.008010,0.972078,0.988780,0.988073,0.972579,0.961519,0.847463,0.968432,0.978165,0.981825,88.787892,
468,0.001601,0.008579,0.972062,0.988942,0.988247,0.972609,0.961354,0.847447,0.968410,0.977984,0.981786,88.764649,
469,0.001177,0.001601,0.974093,0.989453,0.990004,0.976061,0.962774,0.852989,0.971198,0.980333,0.983849,89.479472,
470,0.001177,0.001177,0.974131,0.989465,0.990114,0.976107,0.962782,0.853142,0.971218,0.980347,0.983853,89.488746,
471,0.006015,0.008661,0.974176,0.989424,0.989882,0.976059,0.963025,0.853140,0.971320,0.980528,0.983958,89.521571,
472,0.001012,0.006015,0.974117,0.989510,0.989756,0.976168,0.962844,0.852863,0.971194,0.980367,0.983822,89.483952,
473,0.000722,0.001012,0.974274,0.989587,0.989750,0.976209,0.963169,0.853295,0.971323,0.980475,0.983953,89.532946,
474,0.000722,0.000722,0.974304,0.989592,0.989696,0.976274,0.963214,0.853450,0.971383,0.980497,0.983947,89.540170,
475,0.005834,0.005852,0.974225,0.989380,0.989649,0.975969,0.963313,0.855455,0.972110,0.981086,0.984365,89.591551,
476,0.000720,0.005834,0.974062,0.989231,0.989491,0.975890,0.963084,0.855703,0.972129,0.981049,0.984285,89.541349,
477,0.000535,0.000720,0.974097,0.989471,0.989481,0.975873,0.963133,0.855825,0.972042,0.980965,0.984230,89.540260,
478,0.000535,0.000535,0.974173,0.989551,0.989564,0.976017,0.963155,0.855911,0.972066,0.980981,0.984244,89.558537,
479,0.005110,0.006274,0.974165,0.989568,0.989529,0.975878,0.963248,0.855816,0.972106,0.980994,0.984325,89.570172,
480,0.000887,0.005110,0.974128,0.989369,0.989636,0.975936,0.963117,0.856026,0.972292,0.981094,0.984372,89.565447,
481,0.000487,0.000887,0.974520,0.991743,0.988821,0.976412,0.963542,0.868522,0.975618,0.982893,0.985522,89.831652,
482,0.000487,0.000487,0.974510,0.991651,0.988715,0.976467,0.963542,0.868891,0.975736,0.982938,0.985562,89.835095,
483,0.002272,0.004786,0.974577,0.991762,0.988723,0.976498,0.963649,0.868877,0.975789,0.983031,0.985646,89.862952,
484,0.000391,0.002272,0.974489,0.991729,0.988703,0.976463,0.963483,0.868847,0.975769,0.982949,0.985499,89.826015,
485,0.000236,0.000391,0.974489,0.991762,0.988586,0.976468,0.963521,0.869146,0.975756,0.982933,0.985467,89.822358,
486,0.000236,0.000236,0.974505,0.991733,0.988637,0.976493,0.963526,0.869342,0.975825,0.982961,0.985507,89.830696,
487,0.002003,0.002214,0.974521,0.991784,0.988614,0.976468,0.963580,0.869396,0.975837,0.982988,0.985548,89.840846,
488,0.000388,0.002003,0.974522,0.991774,0.988505,0.976537,0.963580,0.869650,0.976012,0.983057,0.985640,89.849938,
489,0.000165,0.000388,0.974543,0.991809,0.988486,0.976561,0.963614,0.869877,0.976004,0.982993,0.985612,89.849220,
490,0.000165,0.000165,0.974546,0.991771,0.988487,0.976572,0.963620,0.869962,0.976026,0.983003,0.985626,89.851409,
491,0.001517,0.001898,0.974558,0.991843,0.988442,0.976550,0.963668,0.870015,0.976041,0.983017,0.985639,89.857610,
492,0.000269,0.001517,0.974501,0.991796,0.988345,0.976526,0.963602,0.870086,0.976095,0.983042,0.985649,89.845719,
493,0.000170,0.000269,0.974593,0.991807,0.988360,0.976640,0.963727,0.870690,0.976281,0.983156,0.985731,89.877714,
494,0.000170,0.000170,0.975256,0.991953,0.988591,0.976989,0.964907,0.877926,0.978389,0.984618,0.986844,90.182195,
495,0.001146,0.001146,0.975301,0.991948,0.988609,0.976982,0.965014,0.878083,0.978441,0.984655,0.986870,90.197363,
496,0.000251,0.001196,0.975250,0.991935,0.988602,0.976951,0.964921,0.877970,0.978428,0.984639,0.986883,90.185269,
497,0.000166,0.000251,0.975504,0.992017,0.988680,0.977043,0.965403,0.878995,0.978710,0.984827,0.987005,90.259245,
498,0.000166,0.000166,0.975539,0.992057,0.988697,0.977059,0.965460,0.879595,0.978831,0.984883,0.987048,90.273342,
499,0.000658,0.001159,0.975806,0.992102,0.988777,0.977240,0.965914,0.880991,0.979190,0.985119,0.987209,90.356508,
500,0.000147,0.000658,0.976637,0.992096,0.988944,0.977779,0.967412,0.886311,0.981019,0.986408,0.988081,90.669816,
501,0.000128,0.000147,0.976849,0.992174,0.989056,0.977890,0.967767,0.887115,0.981241,0.986553,0.988212,90.733423,
502,0.000128,0.000128,0.976829,0.992190,0.989053,0.977898,0.967713,0.887241,0.981217,0.986511,0.988193,90.725669,
503,0.000039,0.000812,0.976894,0.992293,0.989066,0.977939,0.967810,0.887346,0.981272,0.986567,0.988220,90.744589,
504,0.000003,0.000039,0.976837,0.992241,0.989071,0.977944,0.967680,0.887434,0.981291,0.986561,0.988195,90.730007,
505,0.000003,0.000003,0.976827,0.992237,0.989068,0.977940,0.967660,0.887417,0.981274,0.986545,0.988181,90.725838,
506,0.000003,0.000003,0.976849,0.992241,0.989069,0.977942,0.967711,0.887427,0.981287,0.986554,0.988187,90.731692,
507,0.000010,0.000035,0.976827,0.992237,0.989068,0.977940,0.967661,0.887420,0.981274,0.986545,0.988180,90.725800,
508,0.000010,0.000010,0.976848,0.992241,0.989070,0.977940,0.967710,0.887429,0.981285,0.986555,0.988188,90.731639,
509,0.000156,0.000156,0.282961,0.571501,0.272315,0.257268,0.246275,0.298860,0.297167,0.283827,0.267978,0.000000,
510,0.004269,87.777641,0.951413,0.966526,0.937805,0.948963,0.954601,0.606594,0.861809,0.908556,0.935390,77.929409,
511,0.000783,0.004269,0.951787,0.966687,0.938520,0.949424,0.954841,0.608734,0.863765,0.910011,0.936322,78.127626,
512,0.000675,0.000783,0.952249,0.967050,0.939116,0.949889,0.955274,0.611367,0.866564,0.912065,0.937702,78.405953,
513,0.000675,0.000675,0.953455,0.967704,0.941367,0.951172,0.956169,0.618441,0.877164,0.920340,0.943337,79.410690,
514,0.003939,0.003939,0.953494,0.967720,0.941410,0.951268,0.956174,0.618964,0.877743,0.920758,0.943640,79.462279,
515,0.001351,0.007376,0.953524,0.967716,0.941393,0.951317,0.956217,0.619340,0.878091,0.920968,0.943712,79.478722,
516,0.001077,0.001351,0.953601,0.967788,0.941668,0.951346,0.956256,0.619710,0.878409,0.921158,0.943815,79.509753,
517,0.001077,0.001077,0.953588,0.967850,0.941451,0.951371,0.956276,0.619709,0.878646,0.921378,0.943957,79.526893,
518,0.007200,0.007200,0.954508,0.968517,0.942925,0.952674,0.956794,0.624838,0.882933,0.924507,0.946242,80.023581,
519,0.001307,0.008351,0.955811,0.969956,0.945198,0.954163,0.957585,0.630930,0.888398,0.928386,0.948903,80.647256,
520,0.001082,0.001307,0.956129,0.970291,0.945890,0.954496,0.957752,0.632496,0.889539,0.929117,0.949365,80.777991,
521,0.001082,0.001082,0.956403,0.970535,0.946705,0.954748,0.957847,0.633418,0.890429,0.929665,0.949744,80.886792,
522,0.005398,0.008470,0.956461,0.970514,0.946715,0.954869,0.957900,0.633612,0.890679,0.929850,0.949864,80.921253,
523,0.000882,0.005398,0.956496,0.970518,0.946735,0.954900,0.957950,0.633789,0.890783,0.929880,0.949857,80.923381,
524,0.000583,0.000882,0.956528,0.970553,0.946812,0.954938,0.957960,0.633892,0.890877,0.929938,0.949932,80.937837,
525,0.000583,0.000583,0.956525,0.970554,0.946879,0.954913,0.957945,0.633946,0.891025,0.930057,0.949960,80.944208,
526,0.005419,0.005419,0.959424,0.973521,0.952187,0.958684,0.959362,0.647279,0.902882,0.938918,0.956593,82.435767,
527,0.001233,0.007292,0.959916,0.974421,0.953561,0.959147,0.959453,0.649732,0.904381,0.939869,0.957145,82.615248,
528,0.000862,0.001233,0.960107,0.974532,0.953988,0.959344,0.959573,0.650365,0.904753,0.940112,0.957284,82.675977,
529,0.000862,0.000862,0.960152,0.974667,0.953971,0.959414,0.959603,0.650471,0.905100,0.940432,0.957517,82.717233,
530,0.007025,0.007025,0.960933,0.974917,0.954724,0.960123,0.960563,0.652340,0.906574,0.941511,0.958403,83.004462,
531,0.002435,0.016488,0.961401,0.975148,0.955363,0.960586,0.961025,0.653548,0.907487,0.942038,0.958690,83.142164,
532,0.002435,0.002435,0.963269,0.976031,0.958207,0.962247,0.962897,0.662564,0.915590,0.947804,0.962805,84.102574,
533,0.002964,0.002964,0.963777,0.976095,0.958742,0.962702,0.963531,0.662870,0.916137,0.948187,0.963048,84.247413,
534,0.014534,0.014534,0.964291,0.976361,0.959467,0.963104,0.964099,0.663651,0.916847,0.948755,0.963373,84.421621,
535,0.003360,0.018058,0.964488,0.976660,0.959925,0.963300,0.964177,0.664172,0.917068,0.948783,0.963475,84.458217,
536,0.002092,0.003360,0.964790,0.976590,0.960280,0.963607,0.964542,0.664401,0.917225,0.948944,0.963579,84.536054,
537,0.002092,0.002092,0.964868,0.976548,0.960426,0.963787,0.964553,0.664290,0.917404,0.949091,0.963642,84.564324,
538,0.014409,0.016768,0.966681,0.977712,0.963058,0.965502,0.966278,0.678909,0.929453,0.957461,0.969613,85.795560,
539,0.002535,0.014409,0.967058,0.977956,0.963833,0.965957,0.966487,0.680241,0.929892,0.957841,0.969865,85.896291,
540,0.001514,0.002535,0.967564,0.978193,0.964452,0.966418,0.967043,0.680692,0.930184,0.958048,0.970022,86.024715,
541,0.001514,0.001514,0.967698,0.978335,0.964697,0.966624,0.967086,0.680830,0.930601,0.958293,0.970150,86.074749,
542,0.013355,0.013355,0.967962,0.978522,0.965221,0.966832,0.967309,0.681577,0.931180,0.958714,0.970582,86.198921,
543,0.003448,0.018223,0.967974,0.978563,0.965423,0.966911,0.967200,0.682105,0.931302,0.958747,0.970552,86.187380,
544,0.002232,0.003448,0.968101,0.978630,0.965707,0.967037,0.967283,0.682546,0.931555,0.958949,0.970816,86.242469,
545,0.002232,0.002232,0.968141,0.978575,0.965837,0.967144,0.967269,0.683308,0.932249,0.959449,0.971127,86.297711,
546,0.016952,0.016952,0.968414,0.978722,0.966179,0.967246,0.967657,0.683529,0.932424,0.959661,0.971314,86.399050,
547,0.004243,0.022732,0.968424,0.978819,0.966166,0.967204,0.967691,0.683760,0.932409,0.959536,0.971241,86.373450,
548,0.002701,0.004243,0.968515,0.978859,0.966228,0.967323,0.967786,0.683804,0.932460,0.959600,0.971257,86.395022,
549,0.002701,0.002701,0.968424,0.978797,0.966299,0.967290,0.967589,0.683654,0.932572,0.959667,0.971249,86.378224,
550,0.020733,0.020757,0.968547,0.978807,0.966307,0.967433,0.967768,0.684039,0.932888,0.959974,0.971560,86.465802,
551,0.003794,0.020733,0.968860,0.978970,0.966641,0.967851,0.968036,0.696578,0.940493,0.964378,0.974380,86.925441,
552,0.002392,0.003794,0.968900,0.979007,0.966697,0.967896,0.968069,0.696630,0.940545,0.964443,0.974449,86.940744,
553,0.002392,0.002392,0.968900,0.978989,0.966611,0.967909,0.968096,0.696584,0.940660,0.964502,0.974451,86.943746,
554,0.018759,0.018759,0.968944,0.978917,0.966765,0.967935,0.968138,0.697264,0.941108,0.964783,0.974623,87.000408,
555,0.004057,0.020691,0.968935,0.978925,0.966830,0.967988,0.968057,0.697934,0.941335,0.964930,0.974703,86.992000,
556,0.002265,0.004057,0.969175,0.979365,0.967529,0.968195,0.968102,0.701104,0.942643,0.965616,0.975108,87.102290,
557,0.002265,0.002265,0.969646,0.979951,0.968311,0.968713,0.968402,0.709820,0.947241,0.968626,0.977135,87.496695,
558,0.018106,0.018106,0.969717,0.980045,0.968342,0.968710,0.968531,0.709831,0.947408,0.968697,0.977195,87.540772,
559,0.004254,0.018613,0.969695,0.980095,0.968277,0.968665,0.968524,0.709991,0.947360,0.968622,0.977177,87.513072,
560,0.001832,0.004254,0.969676,0.980074,0.968205,0.968661,0.968514,0.710014,0.947433,0.968653,0.977220,87.510811,
561,0.001832,0.001832,0.969661,0.980085,0.968151,0.968608,0.968534,0.709948,0.947548,0.968765,0.977285,87.518119,
562,0.000157,0.015738,0.969812,0.980202,0.968377,0.968764,0.968661,0.711125,0.948229,0.969123,0.977495,87.581195,
563,0.000022,0.000157,0.969901,0.980383,0.968532,0.968890,0.968679,0.712302,0.948759,0.969414,0.977644,87.624606,
564,0.000020,0.000022,0.970123,0.980629,0.968797,0.969063,0.968914,0.715900,0.950608,0.970592,0.978491,87.792183,
565,0.000020,0.000020,0.970149,0.980705,0.968873,0.969106,0.968899,0.716311,0.950853,0.970730,0.978570,87.810350,
566,0.000176,0.000176,0.970170,0.980683,0.968884,0.969168,0.968905,0.716288,0.950850,0.970729,0.978559,87.814136,
567,0.000245,0.000245,0.346156,0.672704,0.389005,0.303145,0.284222,0.191415,0.223051,0.217771,0.202968,0.000000,
568,0.002047,0.002396,0.346297,0.673190,0.389476,0.303072,0.284312,0.191324,0.223033,0.217781,0.202924,0.000000,
569,0.002047,0.002047,0.346533,0.674087,0.390049,0.303220,0.284318,0.191318,0.223035,0.217775,0.202962,0.000000,
570,0.001986,77.184242,0.950037,0.972352,0.943747,0.943695,0.951972,0.658352,0.871904,0.911828,0.936120,77.714813,
571,0.000900,0.001986,0.951630,0.972846,0.945392,0.945987,0.953315,0.662199,0.877768,0.917050,0.939934,78.546135,
572,0.000556,0.000900,0.951621,0.972898,0.945344,0.946011,0.953288,0.662460,0.877760,0.917030,0.939926,78.542022,
573,0.000556,0.000556,0.951621,0.972868,0.945301,0.946044,0.953289,0.662619,0.877770,0.917023,0.939903,78.539657,
574,0.001914,0.001914,0.951557,0.972891,0.945176,0.946007,0.953214,0.662639,0.877734,0.916996,0.939955,78.530732,
575,0.001561,0.010548,0.951564,0.972930,0.945220,0.945951,0.953240,0.662627,0.877659,0.916957,0.939939,78.528949,
576,0.001322,0.001561,0.951725,0.972938,0.945294,0.946094,0.953478,0.662871,0.877800,0.917098,0.940051,78.576704,
577,0.001322,0.001322,0.951776,0.972943,0.945298,0.946083,0.953598,0.663030,0.877917,0.917184,0.940104,78.594818,
578,0.010179,0.010179,0.952805,0.972854,0.945904,0.947155,0.954992,0.668013,0.883966,0.922392,0.944278,79.349247,
579,0.002352,0.011888,0.952824,0.972828,0.945917,0.947155,0.955036,0.668024,0.883937,0.922360,0.944204,79.336404,
580,0.001395,0.002352,0.952833,0.972777,0.945922,0.947168,0.955057,0.668046,0.883937,0.922390,0.944209,79.338763,
581,0.001395,0.001395,0.952829,0.972736,0.945921,0.947169,0.955054,0.668083,0.883981,0.922408,0.944217,79.338965,
582,0.004425,0.010878,0.952827,0.972745,0.945895,0.947221,0.955025,0.667926,0.884051,0.922518,0.944318,79.355035,
583,0.000846,0.004425,0.952810,0.972800,0.945888,0.947205,0.954989,0.667983,0.884146,0.922595,0.944296,79.348370,
584,0.000657,0.000846,0.954379,0.972926,0.946373,0.949155,0.957022,0.673363,0.890086,0.927704,0.948221,80.187028,
585,0.000657,0.000657,0.954589,0.972974,0.946545,0.949396,0.957261,0.673962,0.890329,0.927870,0.948363,80.248748,
586,0.004345,0.004345,0.954795,0.973025,0.946562,0.949576,0.957588,0.674071,0.890426,0.927991,0.948448,80.308625,
587,0.002155,0.012777,0.954856,0.973029,0.946594,0.949622,0.957683,0.674050,0.890295,0.927892,0.948366,80.308362,
588,0.001497,0.002155,0.955337,0.973273,0.947261,0.950202,0.958076,0.675014,0.890753,0.928225,0.948673,80.445928,
589,0.001497,0.001497,0.955499,0.973339,0.947582,0.950425,0.958157,0.675440,0.890937,0.928383,0.948797,80.495830,
590,0.012130,0.012130,0.959057,0.975782,0.953872,0.955257,0.960066,0.697551,0.911699,0.942706,0.958002,82.566935,
591,0.003289,0.016815,0.959288,0.975824,0.954361,0.955681,0.960109,0.697890,0.911869,0.942799,0.958141,82.619318,
592,0.002019,0.003289,0.959372,0.975848,0.954563,0.955791,0.960144,0.698244,0.911999,0.942927,0.958276,82.651206,
593,0.002019,0.002019,0.959396,0.975933,0.954635,0.955848,0.960116,0.698383,0.912064,0.942942,0.958230,82.653338,
594,0.015100,0.015397,0.959473,0.975940,0.954794,0.955912,0.960185,0.698220,0.912103,0.943000,0.958270,82.692378,
595,0.003383,0.015100,0.959461,0.976074,0.954831,0.955890,0.960130,0.698239,0.912005,0.942796,0.958061,82.649809,
596,0.002152,0.003383,0.961182,0.976927,0.957293,0.958260,0.961321,0.712272,0.924812,0.951221,0.963582,83.807116,
597,0.002152,0.002152,0.961220,0.976975,0.957421,0.958307,0.961318,0.712542,0.924893,0.951264,0.963586,83.817363,
598,0.013700,0.013700,0.961350,0.976958,0.957572,0.958473,0.961445,0.712529,0.925067,0.951440,0.963793,83.883972,
599,0.004029,0.019491,0.961262,0.977075,0.957635,0.958460,0.961210,0.712747,0.925116,0.951423,0.963704,83.845020,
600,0.002663,0.004029,0.961533,0.977131,0.957887,0.958719,0.961539,0.713358,0.925350,0.951589,0.963837,83.918300,
601,0.002663,0.002663,0.961522,0.977170,0.957988,0.958720,0.961467,0.713532,0.925385,0.951597,0.963827,83.915379,
602,0.016625,0.016625,0.961846,0.977359,0.958546,0.959089,0.961701,0.714013,0.925842,0.951994,0.964198,84.049157,
603,0.003761,0.018024,0.963903,0.979918,0.962791,0.962043,0.962227,0.727408,0.935687,0.959097,0.969376,85.189628,
604,0.002155,0.003761,0.964114,0.980104,0.963064,0.962287,0.962397,0.727957,0.935880,0.959283,0.969604,85.258494,
605,0.002155,0.002155,0.964140,0.980129,0.963199,0.962299,0.962392,0.728186,0.935904,0.959246,0.969568,85.259673,
606,0.016312,0.016312,0.964324,0.980093,0.963370,0.962424,0.962665,0.728164,0.936060,0.959477,0.969748,85.341991,
607,0.003707,0.016862,0.964234,0.980225,0.963300,0.962394,0.962481,0.728189,0.935983,0.959349,0.969606,85.289345,
608,0.001833,0.003707,0.964548,0.980512,0.963670,0.962783,0.962730,0.728738,0.936168,0.959506,0.969701,85.368371,
609,0.001833,0.001833,0.964585,0.980559,0.963664,0.962834,0.962774,0.739456,0.946033,0.966199,0.974228,86.036279,
610,0.014497,0.014497,0.964695,0.980618,0.963808,0.962929,0.962890,0.739346,0.946209,0.966393,0.974399,86.098824,
611,0.003696,0.016300,0.964577,0.980809,0.963593,0.962861,0.962714,0.739376,0.946160,0.966251,0.974280,86.043681,
612,0.001671,0.003696,0.964705,0.980894,0.963667,0.963026,0.962845,0.739759,0.946308,0.966421,0.974391,86.084567,
613,0.001671,0.001671,0.964694,0.980943,0.963684,0.963016,0.962811,0.739850,0.946313,0.966361,0.974377,86.078564,
614,0.014427,0.014427,0.964902,0.980927,0.963763,0.963169,0.963151,0.739972,0.946500,0.966583,0.974583,86.166236,
615,0.003072,0.015784,0.966032,0.981487,0.964142,0.964029,0.964864,0.744518,0.948340,0.967930,0.975604,86.534088,
616,0.001434,0.003072,0.966159,0.981533,0.964209,0.964181,0.965016,0.744844,0.948459,0.968010,0.975684,86.569346,
617,0.001434,0.001434,0.966162,0.981525,0.964247,0.964183,0.965009,0.744934,0.948492,0.968028,0.975689,86.571148,
618,0.014427,0.014427,0.966260,0.981620,0.964328,0.964262,0.965125,0.744889,0.948662,0.968245,0.975813,86.628901,
619,0.003435,0.015754,0.966191,0.981682,0.964378,0.964096,0.965047,0.744949,0.948653,0.968191,0.975657,86.584928,
620,0.001511,0.003435,0.966483,0.981781,0.964527,0.964292,0.965496,0.746220,0.949073,0.968442,0.975838,86.670335,
621,0.001511,0.001511,0.966553,0.981946,0.964607,0.964309,0.965579,0.747085,0.949366,0.968585,0.975929,86.698995,
622,0.008151,0.013561,0.968032,0.982529,0.965452,0.965714,0.967534,0.753880,0.952415,0.970781,0.977663,87.261478,
623,0.001758,0.008151,0.968039,0.982650,0.965487,0.965719,0.967508,0.754480,0.952616,0.970855,0.977589,87.252054,
624,0.000724,0.001758,0.968048,0.982646,0.965508,0.965717,0.967522,0.754509,0.952633,0.970870,0.977607,87.254733,
625,0.000724,0.000724,0.968043,0.982707,0.965491,0.965708,0.967512,0.754491,0.952613,0.970849,0.977591,87.251589,
626,0.000006,0.007159,0.968072,0.982747,0.965467,0.965713,0.967574,0.754428,0.952641,0.970847,0.977633,87.260209,
627,0.000006,0.000006,0.968072,0.982746,0.965468,0.965713,0.967574,0.754428,0.952640,0.970848,0.977633,87.260270,
628,0.000006,0.000007,0.968071,0.982746,0.965466,0.965713,0.967573,0.754435,0.952641,0.970849,0.977631,87.259966,
629,0.000006,0.000006,0.968069,0.982737,0.965458,0.965706,0.967577,0.754429,0.952632,0.970842,0.977619,87.258190,
630,0.000006,0.000006,0.968063,0.982738,0.965455,0.965710,0.967562,0.754430,0.952645,0.970859,0.977644,87.259631,
631,0.008834,87.480034,0.946183,0.961371,0.921636,0.938914,0.955985,0.601757,0.834702,0.889433,0.922965,75.182200,
632,0.001798,0.008834,0.946567,0.961696,0.923217,0.939653,0.955741,0.605772,0.837457,0.891448,0.924175,75.409791,
633,0.001460,0.001798,0.946991,0.961961,0.923913,0.940226,0.956011,0.608307,0.839542,0.893003,0.925252,75.631113,
634,0.001460,0.001460,0.950900,0.964185,0.930281,0.944992,0.958892,0.619407,0.851063,0.901795,0.931533,77.235934,
635,0.005459,0.005459,0.951337,0.964023,0.930933,0.945933,0.959072,0.620021,0.852110,0.902540,0.932083,77.402196,
636,0.002450,0.009639,0.951456,0.964327,0.931109,0.945960,0.959189,0.620478,0.852293,0.902620,0.932151,77.430796,
637,0.002218,0.002450,0.951507,0.964282,0.931197,0.946068,0.959213,0.620678,0.852468,0.902730,0.932164,77.445977,
638,0.002218,0.002218,0.951602,0.964394,0.931288,0.946167,0.959302,0.620947,0.852698,0.902876,0.932276,77.479497,
639,0.009042,0.009042,0.951624,0.964204,0.931201,0.946227,0.959384,0.620779,0.852757,0.903002,0.932370,77.505066,
640,0.002913,0.011333,0.952837,0.964942,0.932927,0.947831,0.960276,0.629677,0.859900,0.907997,0.935650,78.178386,
641,0.002264,0.002913,0.955524,0.966113,0.936915,0.950989,0.962547,0.641705,0.872226,0.916669,0.941229,79.494434,
642,0.002264,0.002264,0.955877,0.966624,0.937532,0.951125,0.962911,0.643113,0.873127,0.917247,0.941532,79.613379,
643,0.006075,0.010984,0.956000,0.966416,0.937442,0.951496,0.963025,0.642892,0.873413,0.917516,0.941785,79.674844,
644,0.001519,0.006075,0.956873,0.967002,0.939021,0.952149,0.963851,0.645387,0.874987,0.918611,0.942530,79.951227,
645,0.001215,0.001519,0.957316,0.966847,0.939400,0.952997,0.964195,0.646619,0.875989,0.919388,0.943052,80.114459,
646,0.001215,0.001215,0.958703,0.967294,0.941012,0.954654,0.965541,0.650297,0.879066,0.921634,0.944597,80.613207,
647,0.005586,0.005586,0.962059,0.968385,0.944876,0.958935,0.968636,0.661675,0.890867,0.930328,0.950568,82.136955,
648,0.002762,0.013263,0.962570,0.969436,0.945997,0.958947,0.969129,0.663337,0.891595,0.930823,0.950842,82.281867,
649,0.002159,0.002762,0.962541,0.969100,0.945800,0.959429,0.968906,0.663198,0.891618,0.930830,0.950863,82.277034,
650,0.002159,0.002159,0.962742,0.969271,0.946232,0.959587,0.969059,0.663513,0.891777,0.930917,0.950887,82.324775,
651,0.012775,0.012775,0.962763,0.968966,0.946119,0.959848,0.969048,0.663123,0.891846,0.930970,0.950887,82.345703,
652,0.003693,0.016615,0.963245,0.969486,0.947183,0.960120,0.969450,0.666567,0.894177,0.932613,0.952042,82.590748,
653,0.002650,0.003693,0.965630,0.970358,0.950500,0.963319,0.971332,0.682911,0.909723,0.944241,0.960676,84.250529,
654,0.002650,0.002650,0.965760,0.970503,0.950704,0.963409,0.971459,0.683458,0.910003,0.944415,0.960769,84.292627,
655,0.015793,0.015793,0.965823,0.970220,0.950561,0.963747,0.971497,0.683136,0.910387,0.944767,0.961063,84.361738,
656,0.003824,0.017810,0.966079,0.970817,0.951239,0.963779,0.971672,0.683886,0.910737,0.945020,0.961155,84.418564,
657,0.002502,0.003824,0.966207,0.971081,0.951564,0.963922,0.971691,0.684258,0.911021,0.945183,0.961248,84.458146,
658,0.002502,0.002502,0.966296,0.970933,0.951848,0.964146,0.971680,0.684311,0.911091,0.945259,0.961318,84.485936,
659,0.016798,0.016798,0.966474,0.971244,0.952146,0.964168,0.971886,0.684083,0.911489,0.945582,0.961376,84.561588,
660,0.004143,0.020168,0.970605,0.974992,0.959631,0.968338,0.974903,0.710241,0.930557,0.958342,0.969798,86.637833,
661,0.002971,0.004143,0.970684,0.974972,0.959747,0.968454,0.974969,0.710877,0.930965,0.958597,0.969951,86.676610,
662,0.002971,0.002971,0.970836,0.974983,0.959923,0.968591,0.975152,0.710902,0.931003,0.958600,0.969986,86.712054,
663,0.019046,0.019046,0.970830,0.974927,0.960029,0.968659,0.975071,0.710637,0.931475,0.959016,0.970320,86.777164,
664,0.004853,0.023744,0.971241,0.975497,0.960650,0.968820,0.975531,0.712175,0.931821,0.959137,0.970473,86.863434,
665,0.003335,0.004853,0.971371,0.975733,0.960857,0.968949,0.975612,0.712822,0.932114,0.959322,0.970526,86.901515,
666,0.003335,0.003335,0.972191,0.976340,0.962227,0.969880,0.976216,0.721138,0.937031,0.962618,0.972869,87.407086,
667,0.021030,0.021567,0.972221,0.976283,0.962354,0.970006,0.976173,0.721117,0.937525,0.962975,0.973152,87.475686,
668,0.004323,0.021030,0.972366,0.976385,0.962417,0.970078,0.976401,0.721633,0.937575,0.962977,0.973178,87.486837,
669,0.002456,0.004323,0.972383,0.976298,0.962489,0.970150,0.976387,0.721843,0.937703,0.963066,0.973260,87.498403,
670,0.002456,0.002456,0.972416,0.976311,0.962552,0.970122,0.976452,0.721830,0.937682,0.963063,0.973243,87.504027,
671,0.019300,0.019300,0.972412,0.976252,0.962554,0.970107,0.976464,0.721730,0.938024,0.963298,0.973353,87.544893,
672,0.004108,0.020413,0.973161,0.977246,0.963847,0.970936,0.976920,0.734705,0.942720,0.966276,0.975386,87.974880,
673,0.002186,0.004108,0.973216,0.977285,0.963950,0.971018,0.976944,0.735163,0.942881,0.966383,0.975478,87.996076,
674,0.002186,0.002186,0.973232,0.977353,0.964021,0.971001,0.976951,0.735183,0.942874,0.966397,0.975484,88.000497,
675,0.018024,0.018024,0.973265,0.977273,0.964059,0.971136,0.976942,0.735041,0.943043,0.966450,0.975616,88.041662,
676,0.004543,0.020458,0.973320,0.977393,0.964194,0.971288,0.976895,0.735972,0.943054,0.966382,0.975554,88.027229,
677,0.002142,0.004543,0.973390,0.977524,0.964333,0.971366,0.976924,0.736185,0.943160,0.966449,0.975612,88.046766,
678,0.002142,0.002142,0.973658,0.978009,0.964869,0.971617,0.977059,0.739415,0.944297,0.966989,0.975850,88.146668,
679,0.017893,0.017893,0.974710,0.979184,0.966287,0.972619,0.977988,0.748328,0.949153,0.969864,0.977676,88.669604,
680,0.003539,0.018565,0.974700,0.979167,0.966263,0.972616,0.977981,0.748420,0.949012,0.969744,0.977658,88.641553,
681,0.001681,0.003539,0.974731,0.979162,0.966254,0.972677,0.978015,0.748493,0.949066,0.969781,0.977678,88.649102,
682,0.001681,0.001681,0.974717,0.979243,0.966316,0.972581,0.978005,0.748568,0.949071,0.969774,0.977668,88.644899,
683,0.000033,0.016593,0.974751,0.979257,0.966256,0.972705,0.978020,0.748257,0.949136,0.969835,0.977714,88.656870,
684,0.000001,0.000033,0.974772,0.979432,0.966357,0.972593,0.978063,0.748452,0.949211,0.969883,0.977731,88.664938,
685,0.000001,0.000001,0.974774,0.979448,0.966362,0.972589,0.978063,0.748474,0.949242,0.969913,0.977752,88.668287,
686,0.000001,0.000001,0.333745,0.688724,0.403102,0.347365,0.222903,0.176858,0.184591,0.176711,0.164286,0.000000,
687,0.000002,0.000002,0.333713,0.689063,0.403119,0.347384,0.222742,0.176857,0.184590,0.176706,0.164277,0.000000,
688,0.000316,0.000316,0.333719,0.688943,0.403176,0.347414,0.222732,0.176859,0.184589,0.176702,0.164277,0.000000,
689,0.000790,75.568085,0.965234,0.985118,0.983297,0.963370,0.954139,0.820004,0.961162,0.973177,0.978536,86.805600,
690,0.000119,0.000790,0.965304,0.985078,0.983379,0.963616,0.954105,0.820237,0.961304,0.973306,0.978627,86.833059,
691,0.000119,0.000119,0.967512,0.985568,0.984976,0.965873,0.956932,0.824197,0.963274,0.974792,0.979884,87.478680,
692,0.000122,0.000122,0.967822,0.985673,0.985348,0.966215,0.957239,0.824525,0.963416,0.974885,0.979935,87.554032,
693,0.000232,0.000232,0.967791,0.985591,0.985334,0.966317,0.957120,0.824312,0.963272,0.974783,0.979918,87.541401,
694,0.000114,0.000265,0.967746,0.985456,0.985094,0.966412,0.957082,0.823915,0.963106,0.974671,0.979872,87.522550,
695,0.000112,0.000114,0.967968,0.985706,0.985367,0.966468,0.957392,0.824537,0.963413,0.974878,0.980019,87.592020,
696,0.000112,0.000112,0.968016,0.985764,0.985432,0.966526,0.957422,0.824605,0.963464,0.974918,0.980034,87.605373,
697,0.000324,0.000324,0.968073,0.985798,0.985529,0.966643,0.957424,0.824694,0.963538,0.974976,0.980089,87.624997,
698,0.000563,0.002976,0.968496,0.985996,0.985948,0.967429,0.957647,0.827468,0.965663,0.976463,0.981024,87.862476,
699,0.000563,0.000563,0.968609,0.986080,0.986031,0.967439,0.957850,0.827821,0.965817,0.976624,0.981184,87.906946,
700,0.000591,0.000591,0.968631,0.986058,0.986135,0.967459,0.957848,0.827991,0.965859,0.976644,0.981185,87.912793,
701,0.003091,0.003091,0.968631,0.985965,0.986063,0.967452,0.957905,0.827938,0.965826,0.976659,0.981239,87.920973,
702,0.001740,0.008706,0.968676,0.985730,0.986216,0.967565,0.957917,0.828569,0.965674,0.976347,0.980989,87.894661,
703,0.001594,0.001740,0.968918,0.985862,0.986226,0.967787,0.958297,0.829638,0.966058,0.976831,0.981321,87.995096,
704,0.001594,0.001594,0.969977,0.986510,0.986966,0.968868,0.959573,0.836473,0.968849,0.978733,0.982637,88.419494,
705,0.007056,0.009403,0.970036,0.986305,0.986881,0.969180,0.959571,0.836997,0.968834,0.978823,0.982784,88.454754,
706,0.001384,0.007056,0.969973,0.986453,0.986789,0.969258,0.959375,0.837193,0.968873,0.978688,0.982558,88.409916,
707,0.001070,0.001384,0.970002,0.986615,0.986758,0.969329,0.959370,0.837359,0.968900,0.978753,0.982610,88.422752,
708,0.001070,0.001070,0.970022,0.986720,0.986889,0.969280,0.959370,0.837439,0.968886,0.978732,0.982601,88.425468,
709,0.005218,0.006650,0.970035,0.986831,0.986867,0.969253,0.959404,0.837492,0.969016,0.978890,0.982725,88.451033,
710,0.001032,0.005218,0.969969,0.986759,0.986944,0.968995,0.959412,0.837465,0.968934,0.978776,0.982574,88.413943,
711,0.000608,0.001032,0.971205,0.989031,0.987518,0.970316,0.960642,0.849688,0.972995,0.981347,0.984465,88.955627,
712,0.000608,0.000608,0.971180,0.989018,0.987452,0.970312,0.960618,0.849932,0.973017,0.981342,0.984459,88.949621,
713,0.004448,0.004599,0.971230,0.989001,0.987444,0.970301,0.960750,0.850033,0.973107,0.981451,0.984580,88.980250,
714,0.000654,0.004448,0.971025,0.989082,0.987407,0.970282,0.960279,0.850046,0.973048,0.981346,0.984421,88.913365,
715,0.000345,0.000654,0.971098,0.989141,0.987157,0.970092,0.960682,0.850481,0.973096,0.981360,0.984456,88.932202,
716,0.000345,0.000345,0.971091,0.989121,0.987323,0.970052,0.960625,0.850800,0.973194,0.981408,0.984462,88.933594,
717,0.002849,0.004121,0.970977,0.989221,0.987097,0.969380,0.960903,0.852413,0.973866,0.981937,0.984908,88.973367,
718,0.000502,0.002849,0.970908,0.989112,0.987153,0.969424,0.960708,0.852509,0.973887,0.981922,0.984878,88.952290,
719,0.000213,0.000502,0.971019,0.989234,0.987081,0.969435,0.960968,0.852757,0.973901,0.981935,0.984886,88.977168,
720,0.000213,0.000213,0.971008,0.989221,0.987059,0.969443,0.960948,0.852847,0.973919,0.981925,0.984908,88.976056,
721,0.002407,0.002672,0.970986,0.989119,0.986960,0.969396,0.960995,0.852890,0.974002,0.982010,0.984958,88.982315,
722,0.000323,0.002407,0.970919,0.989170,0.987032,0.969400,0.960791,0.852918,0.974014,0.981964,0.984966,88.963587,
723,0.000139,0.000323,0.971057,0.989294,0.987101,0.969398,0.961061,0.856072,0.974839,0.982358,0.985301,89.039849,
724,0.000139,0.000139,0.971058,0.989264,0.987146,0.969402,0.961048,0.856131,0.974857,0.982380,0.985299,89.040919,
725,0.001500,0.002112,0.971090,0.989267,0.987092,0.969412,0.961139,0.856183,0.974915,0.982443,0.985344,89.056287,
726,0.000301,0.001500,0.971054,0.989350,0.987028,0.969372,0.961090,0.856126,0.974884,0.982396,0.985278,89.039383,
727,0.000069,0.000301,0.971167,0.989442,0.987035,0.969452,0.961277,0.856388,0.974992,0.982467,0.985339,89.071831,
728,0.000069,0.000069,0.971169,0.989411,0.987042,0.969461,0.961281,0.856527,0.975043,0.982501,0.985343,89.074269,
729,0.000554,0.001122,0.972779,0.989853,0.987506,0.970395,0.964133,0.865894,0.977705,0.984440,0.986781,89.632256,
730,0.000111,0.000554,0.972748,0.989928,0.987413,0.970380,0.964093,0.866182,0.977727,0.984447,0.986789,89.625837,
731,0.000030,0.000111,0.972914,0.989919,0.987467,0.970483,0.964394,0.866497,0.977809,0.984506,0.986859,89.670311,
732,0.000030,0.000030,0.972920,0.989975,0.987506,0.970465,0.964390,0.866672,0.977835,0.984521,0.986881,89.674022,
733,0.000522,0.000605,0.972933,0.989958,0.987502,0.970464,0.964428,0.866786,0.977846,0.984540,0.986889,89.679000,
734,0.000140,0.000522,0.972901,0.990014,0.987468,0.970434,0.964374,0.866773,0.977873,0.984516,0.986835,89.666312,
735,0.000045,0.000140,0.973560,0.990256,0.987865,0.971116,0.965228,0.869880,0.978659,0.985067,0.987259,89.869796,
736,0.000045,0.000045,0.973629,0.990305,0.988039,0.971201,0.965242,0.870302,0.978758,0.985125,0.987281,89.889300,
737,0.000375,0.000375,0.973664,0.990319,0.988071,0.971230,0.965288,0.870357,0.978775,0.985137,0.987306,89.899958,
738,0.000090,0.000670,0.973635,0.990325,0.988194,0.971201,0.965184,0.870408,0.978796,0.985137,0.987298,89.892640,
739,0.000043,0.000090,0.973643,0.990327,0.988196,0.971206,0.965199,0.870422,0.978804,0.985142,0.987299,89.894741,
740,0.000043,0.000043,0.973641,0.990334,0.988194,0.971211,0.965189,0.870430,0.978812,0.985143,0.987308,89.895052,
741,0.000010,0.000630,0.973637,0.990305,0.988199,0.971194,0.965197,0.870456,0.978817,0.985149,0.987311,89.894753,
742,0.000004,0.000010,0.973725,0.990367,0.988300,0.971329,0.965251,0.872935,0.979595,0.985649,0.987668,89.967184,
743,0.000004,0.000004,0.120052,0.543447,0.177865,0.070765,0.033466,0.326107,0.328549,0.312083,0.285930,0.000000,
